#
# A fatal error has been detected by the Java Runtime Environment:
#
#  EXCEPTION_ACCESS_VIOLATION (0xc0000005) at pc=0x0000000010014ed4, pid=14796, tid=0x0000000000001bf4
#
# JRE version: OpenJDK Runtime Environment (8.0_472-b08) (build 1.8.0_472-b08)
# Java VM: OpenJDK 64-Bit Server VM (25.472-b08 mixed mode windows-amd64 compressed oops)
# Problematic frame:
# C  [sigar-amd64-winnt.dll+0x14ed4]
#
# Failed to write core dump. Minidumps are not enabled by default on client versions of Windows
#
# If you would like to submit a bug report, please visit:
#   https://github.com/adoptium/adoptium-support/issues
# The crash happened outside the Java Virtual Machine in native code.
# See problematic frame for where to report the bug.
#

---------------  T H R E A D  ---------------

Current thread (0x00000234dec7f800):  JavaThread "main" [_thread_in_native, id=7156, stack(0x0000006a0dc00000,0x0000006a0dd00000)]

siginfo: ExceptionCode=0xc0000005, reading address 0xfffffffffc7c2078

Registers:
RAX=0xfffffffffc7c1f40, RBX=0x00000234fc947050, RCX=0x00000234dec7fa60, RDX=0x0000006a0dcfe938
RSP=0x0000006a0dcfe760, RBP=0x0000006a0dcfe918, RSI=0x00000234f8fc0480, RDI=0x000000000011ff28
R8 =0x0000000000000032, R9 =0x00000000fffc3d88, R10=0x00000000000000d2, R11=0x0000000066403bac
R12=0x0000000000000000, R13=0x00000234fc947048, R14=0x0000006a0dcfe938, R15=0x00000234dec7f800
RIP=0x0000000010014ed4, EFLAGS=0x0000000000010282

Top of Stack: (sp=0x0000006a0dcfe760)
0x0000006a0dcfe760:   00000234dec7fa60 0000006a0dcfe938
0x0000006a0dcfe770:   0000000000000000 000000000011ff28
0x0000006a0dcfe780:   fffffffffc7c1f40 00000234dec7f800
0x0000006a0dcfe790:   0000006a0dcfe918 0000000010021a81
0x0000006a0dcfe7a0:   00000234dec7fa60 0000006a0dcfe938
0x0000006a0dcfe7b0:   00000234fc947050 00000234dec7f800
0x0000006a0dcfe7c0:   00000234fc947050 0000000000000000
0x0000006a0dcfe7d0:   00000234fc947050 00000234dec7f800
0x0000006a0dcfe7e0:   00000234dec6c0f8 0000000000000000
0x0000006a0dcfe7f0:   00000234fc947050 0000000000000000
0x0000006a0dcfe800:   00000234dec7f800 00000234fc947048
0x0000006a0dcfe810:   0000006a0dcfe918 0000000065c928b2
0x0000006a0dcfe820:   0000006a0dcfe850 000000000000015a
0x0000006a0dcfe830:   00000234fc947050 00000234dec80368
0x0000006a0dcfe840:   00000234fc947050 00000234dec7f800
0x0000006a0dcfe850:   00000234fc947050 00000234dec7f800 

Instructions: (pc=0x0000000010014ed4)
0x0000000010014eb4:   7c 24 20 00 75 15 48 8d 15 df 58 04 00 48 8b 4c
0x0000000010014ec4:   24 40 e8 45 00 00 00 33 c0 eb 32 48 8b 44 24 20
0x0000000010014ed4:   83 b8 38 01 00 00 00 74 1f 48 8b 44 24 20 44 8b
0x0000000010014ee4:   80 38 01 00 00 48 8b 54 24 20 48 8b 4c 24 40 e8 


Register to memory mapping:

RAX=0xfffffffffc7c1f40 is an unknown value
RBX={method} {0x00000234fc947058} 'getFileSystemListNative' '()[Lorg/hyperic/sigar/FileSystem;' in 'org/hyperic/sigar/Sigar'
RCX=0x00000234dec7fa60 is an unknown value
RDX=0x0000006a0dcfe938 is pointing into the stack for thread: 0x00000234dec7f800
RSP=0x0000006a0dcfe760 is pointing into the stack for thread: 0x00000234dec7f800
RBP=0x0000006a0dcfe918 is pointing into the stack for thread: 0x00000234dec7f800
RSI={method} {0x00000234f8fc0488} '<init>' '()V' in 'java/lang/Object'
RDI=0x000000000011ff28 is an unknown value
R8 =0x0000000000000032 is an unknown value
R9 =0x00000000fffc3d88 is an oop
org.hyperic.sigar.Sigar 
 - klass: 'org/hyperic/sigar/Sigar'
R10=0x00000000000000d2 is an unknown value
R11=0x0000000066403bac is an unknown value
R12=0x0000000000000000 is an unknown value
R13=0x00000234fc947048 is pointing into metadata
R14=0x0000006a0dcfe938 is pointing into the stack for thread: 0x00000234dec7f800
R15=0x00000234dec7f800 is a thread


Stack: [0x0000006a0dc00000,0x0000006a0dd00000],  sp=0x0000006a0dcfe760,  free space=1017k
Native frames: (J=compiled Java code, j=interpreted, Vv=VM code, C=native code)
C  [sigar-amd64-winnt.dll+0x14ed4]
C  [sigar-amd64-winnt.dll+0x21a81]
C  0x00000234e07c9eae

Java frames: (J=compiled Java code, j=interpreted, Vv=VM code)
j  org.hyperic.sigar.Sigar.getFileSystemListNative()[Lorg/hyperic/sigar/FileSystem;+0
j  org.hyperic.sigar.Sigar.getFileSystemList()[Lorg/hyperic/sigar/FileSystem;+1
j  org.hyperic.sigar.Sigar.getFileSystemMap()Lorg/hyperic/sigar/FileSystemMap;+19
j  org.apache.cassandra.utils.SigarLibrary.<init>()V+79
j  org.apache.cassandra.utils.SigarLibrary.<clinit>()V+4
v  ~StubRoutines::call_stub
j  org.apache.cassandra.service.StartupChecks$7.execute()V+0
j  org.apache.cassandra.service.StartupChecks.verify()V+30
j  org.apache.cassandra.service.CassandraDaemon.setup()V+41
j  org.apache.cassandra.service.CassandraDaemon.activate()V+46
j  org.apache.cassandra.service.CassandraDaemon.main([Ljava/lang/String;)V+3
v  ~StubRoutines::call_stub

---------------  P R O C E S S  ---------------

Java Threads: ( => current thread )
  0x00000234f9e3e000 JavaThread "EXPIRING-MAP-REAPER:1" daemon [_thread_blocked, id=13104, stack(0x0000006a10600000,0x0000006a10700000)]
  0x00000234fa771000 JavaThread "RMI TCP Accept-0" daemon [_thread_in_native, id=10668, stack(0x0000006a10500000,0x0000006a10600000)]
  0x00000234fa770000 JavaThread "RMI TCP Accept-7199" daemon [_thread_in_native, id=11892, stack(0x0000006a10400000,0x0000006a10500000)]
  0x00000234f9d12800 JavaThread "ScheduledTasks:1" daemon [_thread_blocked, id=12864, stack(0x0000006a10300000,0x0000006a10400000)]
  0x00000234fa0b8000 JavaThread "AsyncAppender-Worker-ASYNCDEBUGLOG" daemon [_thread_blocked, id=14080, stack(0x0000006a10200000,0x0000006a10300000)]
  0x00000234f9a5c000 JavaThread "Service Thread" daemon [_thread_blocked, id=15276, stack(0x0000006a10000000,0x0000006a10100000)]
  0x00000234f99df800 JavaThread "C1 CompilerThread3" daemon [_thread_blocked, id=21576, stack(0x0000006a0ff00000,0x0000006a10000000)]
  0x00000234f99d7000 JavaThread "C2 CompilerThread2" daemon [_thread_blocked, id=8228, stack(0x0000006a0fe00000,0x0000006a0ff00000)]
  0x00000234f99d6000 JavaThread "C2 CompilerThread1" daemon [_thread_blocked, id=21052, stack(0x0000006a0fd00000,0x0000006a0fe00000)]
  0x00000234f99b3800 JavaThread "C2 CompilerThread0" daemon [_thread_in_native, id=12400, stack(0x0000006a0fc00000,0x0000006a0fd00000)]
  0x00000234f9813000 JavaThread "Attach Listener" daemon [_thread_blocked, id=14760, stack(0x0000006a0fb00000,0x0000006a0fc00000)]
  0x00000234f9819800 JavaThread "Signal Dispatcher" daemon [_thread_blocked, id=9296, stack(0x0000006a0fa00000,0x0000006a0fb00000)]
  0x00000234f9819000 JavaThread "Surrogate Locker Thread (Concurrent GC)" daemon [_thread_blocked, id=27152, stack(0x0000006a0f900000,0x0000006a0fa00000)]
  0x00000234f97f2800 JavaThread "Finalizer" daemon [_thread_blocked, id=17728, stack(0x0000006a0f800000,0x0000006a0f900000)]
  0x00000234f97eb800 JavaThread "Reference Handler" daemon [_thread_blocked, id=22964, stack(0x0000006a0f700000,0x0000006a0f800000)]
=>0x00000234dec7f800 JavaThread "main" [_thread_in_native, id=7156, stack(0x0000006a0dc00000,0x0000006a0dd00000)]

Other Threads:
  0x00000234f97c6800 VMThread [stack: 0x0000006a0f600000,0x0000006a0f700000] [id=10288]
  0x00000234f997b000 WatcherThread [stack: 0x0000006a10100000,0x0000006a10200000] [id=7580]

VM state:not at safepoint (normal execution)

VM Mutex/Monitor currently owned by a thread: None

heap address: 0x0000000080000000, size: 2048 MB, Compressed Oops mode: 32-bit
Narrow klass base: 0x0000000000000000, Narrow klass shift: 3
Compressed class space size: 1073741824 Address: 0x0000000100000000

Heap:
 garbage-first heap   total 2097152K, used 13994K [0x0000000080000000, 0x0000000080104000, 0x0000000100000000)
  region size 1024K, 15 young (15360K), 13 survivors (13312K)
 Metaspace       used 20830K, capacity 21110K, committed 21552K, reserved 1069056K
  class space    used 2482K, capacity 2597K, committed 2688K, reserved 1048576K

Heap Regions: (E=young(eden), S=young(survivor), O=old, HS=humongous(starts), HC=humongous(continues), CS=collection set, F=free, TS=gc time stamp, PTAMS=previous top-at-mark-start, NTAMS=next top-at-mark-start)
AC   0  F    TS     0 PTAMS 0x0000000080000000 NTAMS 0x0000000080000000 space 1024K,   0% used [0x0000000080000000, 0x0000000080100000)
AC   0  F    TS     0 PTAMS 0x0000000080100000 NTAMS 0x0000000080100000 space 1024K,   0% used [0x0000000080100000, 0x0000000080200000)
AC   0  F    TS     0 PTAMS 0x0000000080200000 NTAMS 0x0000000080200000 space 1024K,   0% used [0x0000000080200000, 0x0000000080300000)
AC   0  F    TS     0 PTAMS 0x0000000080300000 NTAMS 0x0000000080300000 space 1024K,   0% used [0x0000000080300000, 0x0000000080400000)
AC   0  F    TS     0 PTAMS 0x0000000080400000 NTAMS 0x0000000080400000 space 1024K,   0% used [0x0000000080400000, 0x0000000080500000)
AC   0  F    TS     0 PTAMS 0x0000000080500000 NTAMS 0x0000000080500000 space 1024K,   0% used [0x0000000080500000, 0x0000000080600000)
AC   0  F    TS     0 PTAMS 0x0000000080600000 NTAMS 0x0000000080600000 space 1024K,   0% used [0x0000000080600000, 0x0000000080700000)
AC   0  F    TS     0 PTAMS 0x0000000080700000 NTAMS 0x0000000080700000 space 1024K,   0% used [0x0000000080700000, 0x0000000080800000)
AC   0  F    TS     0 PTAMS 0x0000000080800000 NTAMS 0x0000000080800000 space 1024K,   0% used [0x0000000080800000, 0x0000000080900000)
AC   0  F    TS     0 PTAMS 0x0000000080900000 NTAMS 0x0000000080900000 space 1024K,   0% used [0x0000000080900000, 0x0000000080a00000)
AC   0  F    TS     0 PTAMS 0x0000000080a00000 NTAMS 0x0000000080a00000 space 1024K,   0% used [0x0000000080a00000, 0x0000000080b00000)
AC   0  F    TS     0 PTAMS 0x0000000080b00000 NTAMS 0x0000000080b00000 space 1024K,   0% used [0x0000000080b00000, 0x0000000080c00000)
AC   0  F    TS     0 PTAMS 0x0000000080c00000 NTAMS 0x0000000080c00000 space 1024K,   0% used [0x0000000080c00000, 0x0000000080d00000)
AC   0  F    TS     0 PTAMS 0x0000000080d00000 NTAMS 0x0000000080d00000 space 1024K,   0% used [0x0000000080d00000, 0x0000000080e00000)
AC   0  F    TS     0 PTAMS 0x0000000080e00000 NTAMS 0x0000000080e00000 space 1024K,   0% used [0x0000000080e00000, 0x0000000080f00000)
AC   0  F    TS     0 PTAMS 0x0000000080f00000 NTAMS 0x0000000080f00000 space 1024K,   0% used [0x0000000080f00000, 0x0000000081000000)
AC   0  F    TS     0 PTAMS 0x0000000081000000 NTAMS 0x0000000081000000 space 1024K,   0% used [0x0000000081000000, 0x0000000081100000)
AC   0  F    TS     0 PTAMS 0x0000000081100000 NTAMS 0x0000000081100000 space 1024K,   0% used [0x0000000081100000, 0x0000000081200000)
AC   0  F    TS     0 PTAMS 0x0000000081200000 NTAMS 0x0000000081200000 space 1024K,   0% used [0x0000000081200000, 0x0000000081300000)
AC   0  F    TS     0 PTAMS 0x0000000081300000 NTAMS 0x0000000081300000 space 1024K,   0% used [0x0000000081300000, 0x0000000081400000)
AC   0  F    TS     0 PTAMS 0x0000000081400000 NTAMS 0x0000000081400000 space 1024K,   0% used [0x0000000081400000, 0x0000000081500000)
AC   0  F    TS     0 PTAMS 0x0000000081500000 NTAMS 0x0000000081500000 space 1024K,   0% used [0x0000000081500000, 0x0000000081600000)
AC   0  F    TS     0 PTAMS 0x0000000081600000 NTAMS 0x0000000081600000 space 1024K,   0% used [0x0000000081600000, 0x0000000081700000)
AC   0  F    TS     0 PTAMS 0x0000000081700000 NTAMS 0x0000000081700000 space 1024K,   0% used [0x0000000081700000, 0x0000000081800000)
AC   0  F    TS     0 PTAMS 0x0000000081800000 NTAMS 0x0000000081800000 space 1024K,   0% used [0x0000000081800000, 0x0000000081900000)
AC   0  F    TS     0 PTAMS 0x0000000081900000 NTAMS 0x0000000081900000 space 1024K,   0% used [0x0000000081900000, 0x0000000081a00000)
AC   0  F    TS     0 PTAMS 0x0000000081a00000 NTAMS 0x0000000081a00000 space 1024K,   0% used [0x0000000081a00000, 0x0000000081b00000)
AC   0  F    TS     0 PTAMS 0x0000000081b00000 NTAMS 0x0000000081b00000 space 1024K,   0% used [0x0000000081b00000, 0x0000000081c00000)
AC   0  F    TS     0 PTAMS 0x0000000081c00000 NTAMS 0x0000000081c00000 space 1024K,   0% used [0x0000000081c00000, 0x0000000081d00000)
AC   0  F    TS     0 PTAMS 0x0000000081d00000 NTAMS 0x0000000081d00000 space 1024K,   0% used [0x0000000081d00000, 0x0000000081e00000)
AC   0  F    TS     0 PTAMS 0x0000000081e00000 NTAMS 0x0000000081e00000 space 1024K,   0% used [0x0000000081e00000, 0x0000000081f00000)
AC   0  F    TS     0 PTAMS 0x0000000081f00000 NTAMS 0x0000000081f00000 space 1024K,   0% used [0x0000000081f00000, 0x0000000082000000)
AC   0  F    TS     0 PTAMS 0x0000000082000000 NTAMS 0x0000000082000000 space 1024K,   0% used [0x0000000082000000, 0x0000000082100000)
AC   0  F    TS     0 PTAMS 0x0000000082100000 NTAMS 0x0000000082100000 space 1024K,   0% used [0x0000000082100000, 0x0000000082200000)
AC   0  F    TS     0 PTAMS 0x0000000082200000 NTAMS 0x0000000082200000 space 1024K,   0% used [0x0000000082200000, 0x0000000082300000)
AC   0  F    TS     0 PTAMS 0x0000000082300000 NTAMS 0x0000000082300000 space 1024K,   0% used [0x0000000082300000, 0x0000000082400000)
AC   0  F    TS     0 PTAMS 0x0000000082400000 NTAMS 0x0000000082400000 space 1024K,   0% used [0x0000000082400000, 0x0000000082500000)
AC   0  F    TS     0 PTAMS 0x0000000082500000 NTAMS 0x0000000082500000 space 1024K,   0% used [0x0000000082500000, 0x0000000082600000)
AC   0  F    TS     0 PTAMS 0x0000000082600000 NTAMS 0x0000000082600000 space 1024K,   0% used [0x0000000082600000, 0x0000000082700000)
AC   0  F    TS     0 PTAMS 0x0000000082700000 NTAMS 0x0000000082700000 space 1024K,   0% used [0x0000000082700000, 0x0000000082800000)
AC   0  F    TS     0 PTAMS 0x0000000082800000 NTAMS 0x0000000082800000 space 1024K,   0% used [0x0000000082800000, 0x0000000082900000)
AC   0  F    TS     0 PTAMS 0x0000000082900000 NTAMS 0x0000000082900000 space 1024K,   0% used [0x0000000082900000, 0x0000000082a00000)
AC   0  F    TS     0 PTAMS 0x0000000082a00000 NTAMS 0x0000000082a00000 space 1024K,   0% used [0x0000000082a00000, 0x0000000082b00000)
AC   0  F    TS     0 PTAMS 0x0000000082b00000 NTAMS 0x0000000082b00000 space 1024K,   0% used [0x0000000082b00000, 0x0000000082c00000)
AC   0  F    TS     0 PTAMS 0x0000000082c00000 NTAMS 0x0000000082c00000 space 1024K,   0% used [0x0000000082c00000, 0x0000000082d00000)
AC   0  F    TS     0 PTAMS 0x0000000082d00000 NTAMS 0x0000000082d00000 space 1024K,   0% used [0x0000000082d00000, 0x0000000082e00000)
AC   0  F    TS     0 PTAMS 0x0000000082e00000 NTAMS 0x0000000082e00000 space 1024K,   0% used [0x0000000082e00000, 0x0000000082f00000)
AC   0  F    TS     0 PTAMS 0x0000000082f00000 NTAMS 0x0000000082f00000 space 1024K,   0% used [0x0000000082f00000, 0x0000000083000000)
AC   0  F    TS     0 PTAMS 0x0000000083000000 NTAMS 0x0000000083000000 space 1024K,   0% used [0x0000000083000000, 0x0000000083100000)
AC   0  F    TS     0 PTAMS 0x0000000083100000 NTAMS 0x0000000083100000 space 1024K,   0% used [0x0000000083100000, 0x0000000083200000)
AC   0  F    TS     0 PTAMS 0x0000000083200000 NTAMS 0x0000000083200000 space 1024K,   0% used [0x0000000083200000, 0x0000000083300000)
AC   0  F    TS     0 PTAMS 0x0000000083300000 NTAMS 0x0000000083300000 space 1024K,   0% used [0x0000000083300000, 0x0000000083400000)
AC   0  F    TS     0 PTAMS 0x0000000083400000 NTAMS 0x0000000083400000 space 1024K,   0% used [0x0000000083400000, 0x0000000083500000)
AC   0  F    TS     0 PTAMS 0x0000000083500000 NTAMS 0x0000000083500000 space 1024K,   0% used [0x0000000083500000, 0x0000000083600000)
AC   0  F    TS     0 PTAMS 0x0000000083600000 NTAMS 0x0000000083600000 space 1024K,   0% used [0x0000000083600000, 0x0000000083700000)
AC   0  F    TS     0 PTAMS 0x0000000083700000 NTAMS 0x0000000083700000 space 1024K,   0% used [0x0000000083700000, 0x0000000083800000)
AC   0  F    TS     0 PTAMS 0x0000000083800000 NTAMS 0x0000000083800000 space 1024K,   0% used [0x0000000083800000, 0x0000000083900000)
AC   0  F    TS     0 PTAMS 0x0000000083900000 NTAMS 0x0000000083900000 space 1024K,   0% used [0x0000000083900000, 0x0000000083a00000)
AC   0  F    TS     0 PTAMS 0x0000000083a00000 NTAMS 0x0000000083a00000 space 1024K,   0% used [0x0000000083a00000, 0x0000000083b00000)
AC   0  F    TS     0 PTAMS 0x0000000083b00000 NTAMS 0x0000000083b00000 space 1024K,   0% used [0x0000000083b00000, 0x0000000083c00000)
AC   0  F    TS     0 PTAMS 0x0000000083c00000 NTAMS 0x0000000083c00000 space 1024K,   0% used [0x0000000083c00000, 0x0000000083d00000)
AC   0  F    TS     0 PTAMS 0x0000000083d00000 NTAMS 0x0000000083d00000 space 1024K,   0% used [0x0000000083d00000, 0x0000000083e00000)
AC   0  F    TS     0 PTAMS 0x0000000083e00000 NTAMS 0x0000000083e00000 space 1024K,   0% used [0x0000000083e00000, 0x0000000083f00000)
AC   0  F    TS     0 PTAMS 0x0000000083f00000 NTAMS 0x0000000083f00000 space 1024K,   0% used [0x0000000083f00000, 0x0000000084000000)
AC   0  F    TS     0 PTAMS 0x0000000084000000 NTAMS 0x0000000084000000 space 1024K,   0% used [0x0000000084000000, 0x0000000084100000)
AC   0  F    TS     0 PTAMS 0x0000000084100000 NTAMS 0x0000000084100000 space 1024K,   0% used [0x0000000084100000, 0x0000000084200000)
AC   0  F    TS     0 PTAMS 0x0000000084200000 NTAMS 0x0000000084200000 space 1024K,   0% used [0x0000000084200000, 0x0000000084300000)
AC   0  F    TS     0 PTAMS 0x0000000084300000 NTAMS 0x0000000084300000 space 1024K,   0% used [0x0000000084300000, 0x0000000084400000)
AC   0  F    TS     0 PTAMS 0x0000000084400000 NTAMS 0x0000000084400000 space 1024K,   0% used [0x0000000084400000, 0x0000000084500000)
AC   0  F    TS     0 PTAMS 0x0000000084500000 NTAMS 0x0000000084500000 space 1024K,   0% used [0x0000000084500000, 0x0000000084600000)
AC   0  F    TS     0 PTAMS 0x0000000084600000 NTAMS 0x0000000084600000 space 1024K,   0% used [0x0000000084600000, 0x0000000084700000)
AC   0  F    TS     0 PTAMS 0x0000000084700000 NTAMS 0x0000000084700000 space 1024K,   0% used [0x0000000084700000, 0x0000000084800000)
AC   0  F    TS     0 PTAMS 0x0000000084800000 NTAMS 0x0000000084800000 space 1024K,   0% used [0x0000000084800000, 0x0000000084900000)
AC   0  F    TS     0 PTAMS 0x0000000084900000 NTAMS 0x0000000084900000 space 1024K,   0% used [0x0000000084900000, 0x0000000084a00000)
AC   0  F    TS     0 PTAMS 0x0000000084a00000 NTAMS 0x0000000084a00000 space 1024K,   0% used [0x0000000084a00000, 0x0000000084b00000)
AC   0  F    TS     0 PTAMS 0x0000000084b00000 NTAMS 0x0000000084b00000 space 1024K,   0% used [0x0000000084b00000, 0x0000000084c00000)
AC   0  F    TS     0 PTAMS 0x0000000084c00000 NTAMS 0x0000000084c00000 space 1024K,   0% used [0x0000000084c00000, 0x0000000084d00000)
AC   0  F    TS     0 PTAMS 0x0000000084d00000 NTAMS 0x0000000084d00000 space 1024K,   0% used [0x0000000084d00000, 0x0000000084e00000)
AC   0  F    TS     0 PTAMS 0x0000000084e00000 NTAMS 0x0000000084e00000 space 1024K,   0% used [0x0000000084e00000, 0x0000000084f00000)
AC   0  F    TS     0 PTAMS 0x0000000084f00000 NTAMS 0x0000000084f00000 space 1024K,   0% used [0x0000000084f00000, 0x0000000085000000)
AC   0  F    TS     0 PTAMS 0x0000000085000000 NTAMS 0x0000000085000000 space 1024K,   0% used [0x0000000085000000, 0x0000000085100000)
AC   0  F    TS     0 PTAMS 0x0000000085100000 NTAMS 0x0000000085100000 space 1024K,   0% used [0x0000000085100000, 0x0000000085200000)
AC   0  F    TS     0 PTAMS 0x0000000085200000 NTAMS 0x0000000085200000 space 1024K,   0% used [0x0000000085200000, 0x0000000085300000)
AC   0  F    TS     0 PTAMS 0x0000000085300000 NTAMS 0x0000000085300000 space 1024K,   0% used [0x0000000085300000, 0x0000000085400000)
AC   0  F    TS     0 PTAMS 0x0000000085400000 NTAMS 0x0000000085400000 space 1024K,   0% used [0x0000000085400000, 0x0000000085500000)
AC   0  F    TS     0 PTAMS 0x0000000085500000 NTAMS 0x0000000085500000 space 1024K,   0% used [0x0000000085500000, 0x0000000085600000)
AC   0  F    TS     0 PTAMS 0x0000000085600000 NTAMS 0x0000000085600000 space 1024K,   0% used [0x0000000085600000, 0x0000000085700000)
AC   0  F    TS     0 PTAMS 0x0000000085700000 NTAMS 0x0000000085700000 space 1024K,   0% used [0x0000000085700000, 0x0000000085800000)
AC   0  F    TS     0 PTAMS 0x0000000085800000 NTAMS 0x0000000085800000 space 1024K,   0% used [0x0000000085800000, 0x0000000085900000)
AC   0  F    TS     0 PTAMS 0x0000000085900000 NTAMS 0x0000000085900000 space 1024K,   0% used [0x0000000085900000, 0x0000000085a00000)
AC   0  F    TS     0 PTAMS 0x0000000085a00000 NTAMS 0x0000000085a00000 space 1024K,   0% used [0x0000000085a00000, 0x0000000085b00000)
AC   0  F    TS     0 PTAMS 0x0000000085b00000 NTAMS 0x0000000085b00000 space 1024K,   0% used [0x0000000085b00000, 0x0000000085c00000)
AC   0  F    TS     0 PTAMS 0x0000000085c00000 NTAMS 0x0000000085c00000 space 1024K,   0% used [0x0000000085c00000, 0x0000000085d00000)
AC   0  F    TS     0 PTAMS 0x0000000085d00000 NTAMS 0x0000000085d00000 space 1024K,   0% used [0x0000000085d00000, 0x0000000085e00000)
AC   0  F    TS     0 PTAMS 0x0000000085e00000 NTAMS 0x0000000085e00000 space 1024K,   0% used [0x0000000085e00000, 0x0000000085f00000)
AC   0  F    TS     0 PTAMS 0x0000000085f00000 NTAMS 0x0000000085f00000 space 1024K,   0% used [0x0000000085f00000, 0x0000000086000000)
AC   0  F    TS     0 PTAMS 0x0000000086000000 NTAMS 0x0000000086000000 space 1024K,   0% used [0x0000000086000000, 0x0000000086100000)
AC   0  F    TS     0 PTAMS 0x0000000086100000 NTAMS 0x0000000086100000 space 1024K,   0% used [0x0000000086100000, 0x0000000086200000)
AC   0  F    TS     0 PTAMS 0x0000000086200000 NTAMS 0x0000000086200000 space 1024K,   0% used [0x0000000086200000, 0x0000000086300000)
AC   0  F    TS     0 PTAMS 0x0000000086300000 NTAMS 0x0000000086300000 space 1024K,   0% used [0x0000000086300000, 0x0000000086400000)
AC   0  F    TS     0 PTAMS 0x0000000086400000 NTAMS 0x0000000086400000 space 1024K,   0% used [0x0000000086400000, 0x0000000086500000)
AC   0  F    TS     0 PTAMS 0x0000000086500000 NTAMS 0x0000000086500000 space 1024K,   0% used [0x0000000086500000, 0x0000000086600000)
AC   0  F    TS     0 PTAMS 0x0000000086600000 NTAMS 0x0000000086600000 space 1024K,   0% used [0x0000000086600000, 0x0000000086700000)
AC   0  F    TS     0 PTAMS 0x0000000086700000 NTAMS 0x0000000086700000 space 1024K,   0% used [0x0000000086700000, 0x0000000086800000)
AC   0  F    TS     0 PTAMS 0x0000000086800000 NTAMS 0x0000000086800000 space 1024K,   0% used [0x0000000086800000, 0x0000000086900000)
AC   0  F    TS     0 PTAMS 0x0000000086900000 NTAMS 0x0000000086900000 space 1024K,   0% used [0x0000000086900000, 0x0000000086a00000)
AC   0  F    TS     0 PTAMS 0x0000000086a00000 NTAMS 0x0000000086a00000 space 1024K,   0% used [0x0000000086a00000, 0x0000000086b00000)
AC   0  F    TS     0 PTAMS 0x0000000086b00000 NTAMS 0x0000000086b00000 space 1024K,   0% used [0x0000000086b00000, 0x0000000086c00000)
AC   0  F    TS     0 PTAMS 0x0000000086c00000 NTAMS 0x0000000086c00000 space 1024K,   0% used [0x0000000086c00000, 0x0000000086d00000)
AC   0  F    TS     0 PTAMS 0x0000000086d00000 NTAMS 0x0000000086d00000 space 1024K,   0% used [0x0000000086d00000, 0x0000000086e00000)
AC   0  F    TS     0 PTAMS 0x0000000086e00000 NTAMS 0x0000000086e00000 space 1024K,   0% used [0x0000000086e00000, 0x0000000086f00000)
AC   0  F    TS     0 PTAMS 0x0000000086f00000 NTAMS 0x0000000086f00000 space 1024K,   0% used [0x0000000086f00000, 0x0000000087000000)
AC   0  F    TS     0 PTAMS 0x0000000087000000 NTAMS 0x0000000087000000 space 1024K,   0% used [0x0000000087000000, 0x0000000087100000)
AC   0  F    TS     0 PTAMS 0x0000000087100000 NTAMS 0x0000000087100000 space 1024K,   0% used [0x0000000087100000, 0x0000000087200000)
AC   0  F    TS     0 PTAMS 0x0000000087200000 NTAMS 0x0000000087200000 space 1024K,   0% used [0x0000000087200000, 0x0000000087300000)
AC   0  F    TS     0 PTAMS 0x0000000087300000 NTAMS 0x0000000087300000 space 1024K,   0% used [0x0000000087300000, 0x0000000087400000)
AC   0  F    TS     0 PTAMS 0x0000000087400000 NTAMS 0x0000000087400000 space 1024K,   0% used [0x0000000087400000, 0x0000000087500000)
AC   0  F    TS     0 PTAMS 0x0000000087500000 NTAMS 0x0000000087500000 space 1024K,   0% used [0x0000000087500000, 0x0000000087600000)
AC   0  F    TS     0 PTAMS 0x0000000087600000 NTAMS 0x0000000087600000 space 1024K,   0% used [0x0000000087600000, 0x0000000087700000)
AC   0  F    TS     0 PTAMS 0x0000000087700000 NTAMS 0x0000000087700000 space 1024K,   0% used [0x0000000087700000, 0x0000000087800000)
AC   0  F    TS     0 PTAMS 0x0000000087800000 NTAMS 0x0000000087800000 space 1024K,   0% used [0x0000000087800000, 0x0000000087900000)
AC   0  F    TS     0 PTAMS 0x0000000087900000 NTAMS 0x0000000087900000 space 1024K,   0% used [0x0000000087900000, 0x0000000087a00000)
AC   0  F    TS     0 PTAMS 0x0000000087a00000 NTAMS 0x0000000087a00000 space 1024K,   0% used [0x0000000087a00000, 0x0000000087b00000)
AC   0  F    TS     0 PTAMS 0x0000000087b00000 NTAMS 0x0000000087b00000 space 1024K,   0% used [0x0000000087b00000, 0x0000000087c00000)
AC   0  F    TS     0 PTAMS 0x0000000087c00000 NTAMS 0x0000000087c00000 space 1024K,   0% used [0x0000000087c00000, 0x0000000087d00000)
AC   0  F    TS     0 PTAMS 0x0000000087d00000 NTAMS 0x0000000087d00000 space 1024K,   0% used [0x0000000087d00000, 0x0000000087e00000)
AC   0  F    TS     0 PTAMS 0x0000000087e00000 NTAMS 0x0000000087e00000 space 1024K,   0% used [0x0000000087e00000, 0x0000000087f00000)
AC   0  F    TS     0 PTAMS 0x0000000087f00000 NTAMS 0x0000000087f00000 space 1024K,   0% used [0x0000000087f00000, 0x0000000088000000)
AC   0  F    TS     0 PTAMS 0x0000000088000000 NTAMS 0x0000000088000000 space 1024K,   0% used [0x0000000088000000, 0x0000000088100000)
AC   0  F    TS     0 PTAMS 0x0000000088100000 NTAMS 0x0000000088100000 space 1024K,   0% used [0x0000000088100000, 0x0000000088200000)
AC   0  F    TS     0 PTAMS 0x0000000088200000 NTAMS 0x0000000088200000 space 1024K,   0% used [0x0000000088200000, 0x0000000088300000)
AC   0  F    TS     0 PTAMS 0x0000000088300000 NTAMS 0x0000000088300000 space 1024K,   0% used [0x0000000088300000, 0x0000000088400000)
AC   0  F    TS     0 PTAMS 0x0000000088400000 NTAMS 0x0000000088400000 space 1024K,   0% used [0x0000000088400000, 0x0000000088500000)
AC   0  F    TS     0 PTAMS 0x0000000088500000 NTAMS 0x0000000088500000 space 1024K,   0% used [0x0000000088500000, 0x0000000088600000)
AC   0  F    TS     0 PTAMS 0x0000000088600000 NTAMS 0x0000000088600000 space 1024K,   0% used [0x0000000088600000, 0x0000000088700000)
AC   0  F    TS     0 PTAMS 0x0000000088700000 NTAMS 0x0000000088700000 space 1024K,   0% used [0x0000000088700000, 0x0000000088800000)
AC   0  F    TS     0 PTAMS 0x0000000088800000 NTAMS 0x0000000088800000 space 1024K,   0% used [0x0000000088800000, 0x0000000088900000)
AC   0  F    TS     0 PTAMS 0x0000000088900000 NTAMS 0x0000000088900000 space 1024K,   0% used [0x0000000088900000, 0x0000000088a00000)
AC   0  F    TS     0 PTAMS 0x0000000088a00000 NTAMS 0x0000000088a00000 space 1024K,   0% used [0x0000000088a00000, 0x0000000088b00000)
AC   0  F    TS     0 PTAMS 0x0000000088b00000 NTAMS 0x0000000088b00000 space 1024K,   0% used [0x0000000088b00000, 0x0000000088c00000)
AC   0  F    TS     0 PTAMS 0x0000000088c00000 NTAMS 0x0000000088c00000 space 1024K,   0% used [0x0000000088c00000, 0x0000000088d00000)
AC   0  F    TS     0 PTAMS 0x0000000088d00000 NTAMS 0x0000000088d00000 space 1024K,   0% used [0x0000000088d00000, 0x0000000088e00000)
AC   0  F    TS     0 PTAMS 0x0000000088e00000 NTAMS 0x0000000088e00000 space 1024K,   0% used [0x0000000088e00000, 0x0000000088f00000)
AC   0  F    TS     0 PTAMS 0x0000000088f00000 NTAMS 0x0000000088f00000 space 1024K,   0% used [0x0000000088f00000, 0x0000000089000000)
AC   0  F    TS     0 PTAMS 0x0000000089000000 NTAMS 0x0000000089000000 space 1024K,   0% used [0x0000000089000000, 0x0000000089100000)
AC   0  F    TS     0 PTAMS 0x0000000089100000 NTAMS 0x0000000089100000 space 1024K,   0% used [0x0000000089100000, 0x0000000089200000)
AC   0  F    TS     0 PTAMS 0x0000000089200000 NTAMS 0x0000000089200000 space 1024K,   0% used [0x0000000089200000, 0x0000000089300000)
AC   0  F    TS     0 PTAMS 0x0000000089300000 NTAMS 0x0000000089300000 space 1024K,   0% used [0x0000000089300000, 0x0000000089400000)
AC   0  F    TS     0 PTAMS 0x0000000089400000 NTAMS 0x0000000089400000 space 1024K,   0% used [0x0000000089400000, 0x0000000089500000)
AC   0  F    TS     0 PTAMS 0x0000000089500000 NTAMS 0x0000000089500000 space 1024K,   0% used [0x0000000089500000, 0x0000000089600000)
AC   0  F    TS     0 PTAMS 0x0000000089600000 NTAMS 0x0000000089600000 space 1024K,   0% used [0x0000000089600000, 0x0000000089700000)
AC   0  F    TS     0 PTAMS 0x0000000089700000 NTAMS 0x0000000089700000 space 1024K,   0% used [0x0000000089700000, 0x0000000089800000)
AC   0  F    TS     0 PTAMS 0x0000000089800000 NTAMS 0x0000000089800000 space 1024K,   0% used [0x0000000089800000, 0x0000000089900000)
AC   0  F    TS     0 PTAMS 0x0000000089900000 NTAMS 0x0000000089900000 space 1024K,   0% used [0x0000000089900000, 0x0000000089a00000)
AC   0  F    TS     0 PTAMS 0x0000000089a00000 NTAMS 0x0000000089a00000 space 1024K,   0% used [0x0000000089a00000, 0x0000000089b00000)
AC   0  F    TS     0 PTAMS 0x0000000089b00000 NTAMS 0x0000000089b00000 space 1024K,   0% used [0x0000000089b00000, 0x0000000089c00000)
AC   0  F    TS     0 PTAMS 0x0000000089c00000 NTAMS 0x0000000089c00000 space 1024K,   0% used [0x0000000089c00000, 0x0000000089d00000)
AC   0  F    TS     0 PTAMS 0x0000000089d00000 NTAMS 0x0000000089d00000 space 1024K,   0% used [0x0000000089d00000, 0x0000000089e00000)
AC   0  F    TS     0 PTAMS 0x0000000089e00000 NTAMS 0x0000000089e00000 space 1024K,   0% used [0x0000000089e00000, 0x0000000089f00000)
AC   0  F    TS     0 PTAMS 0x0000000089f00000 NTAMS 0x0000000089f00000 space 1024K,   0% used [0x0000000089f00000, 0x000000008a000000)
AC   0  F    TS     0 PTAMS 0x000000008a000000 NTAMS 0x000000008a000000 space 1024K,   0% used [0x000000008a000000, 0x000000008a100000)
AC   0  F    TS     0 PTAMS 0x000000008a100000 NTAMS 0x000000008a100000 space 1024K,   0% used [0x000000008a100000, 0x000000008a200000)
AC   0  F    TS     0 PTAMS 0x000000008a200000 NTAMS 0x000000008a200000 space 1024K,   0% used [0x000000008a200000, 0x000000008a300000)
AC   0  F    TS     0 PTAMS 0x000000008a300000 NTAMS 0x000000008a300000 space 1024K,   0% used [0x000000008a300000, 0x000000008a400000)
AC   0  F    TS     0 PTAMS 0x000000008a400000 NTAMS 0x000000008a400000 space 1024K,   0% used [0x000000008a400000, 0x000000008a500000)
AC   0  F    TS     0 PTAMS 0x000000008a500000 NTAMS 0x000000008a500000 space 1024K,   0% used [0x000000008a500000, 0x000000008a600000)
AC   0  F    TS     0 PTAMS 0x000000008a600000 NTAMS 0x000000008a600000 space 1024K,   0% used [0x000000008a600000, 0x000000008a700000)
AC   0  F    TS     0 PTAMS 0x000000008a700000 NTAMS 0x000000008a700000 space 1024K,   0% used [0x000000008a700000, 0x000000008a800000)
AC   0  F    TS     0 PTAMS 0x000000008a800000 NTAMS 0x000000008a800000 space 1024K,   0% used [0x000000008a800000, 0x000000008a900000)
AC   0  F    TS     0 PTAMS 0x000000008a900000 NTAMS 0x000000008a900000 space 1024K,   0% used [0x000000008a900000, 0x000000008aa00000)
AC   0  F    TS     0 PTAMS 0x000000008aa00000 NTAMS 0x000000008aa00000 space 1024K,   0% used [0x000000008aa00000, 0x000000008ab00000)
AC   0  F    TS     0 PTAMS 0x000000008ab00000 NTAMS 0x000000008ab00000 space 1024K,   0% used [0x000000008ab00000, 0x000000008ac00000)
AC   0  F    TS     0 PTAMS 0x000000008ac00000 NTAMS 0x000000008ac00000 space 1024K,   0% used [0x000000008ac00000, 0x000000008ad00000)
AC   0  F    TS     0 PTAMS 0x000000008ad00000 NTAMS 0x000000008ad00000 space 1024K,   0% used [0x000000008ad00000, 0x000000008ae00000)
AC   0  F    TS     0 PTAMS 0x000000008ae00000 NTAMS 0x000000008ae00000 space 1024K,   0% used [0x000000008ae00000, 0x000000008af00000)
AC   0  F    TS     0 PTAMS 0x000000008af00000 NTAMS 0x000000008af00000 space 1024K,   0% used [0x000000008af00000, 0x000000008b000000)
AC   0  F    TS     0 PTAMS 0x000000008b000000 NTAMS 0x000000008b000000 space 1024K,   0% used [0x000000008b000000, 0x000000008b100000)
AC   0  F    TS     0 PTAMS 0x000000008b100000 NTAMS 0x000000008b100000 space 1024K,   0% used [0x000000008b100000, 0x000000008b200000)
AC   0  F    TS     0 PTAMS 0x000000008b200000 NTAMS 0x000000008b200000 space 1024K,   0% used [0x000000008b200000, 0x000000008b300000)
AC   0  F    TS     0 PTAMS 0x000000008b300000 NTAMS 0x000000008b300000 space 1024K,   0% used [0x000000008b300000, 0x000000008b400000)
AC   0  F    TS     0 PTAMS 0x000000008b400000 NTAMS 0x000000008b400000 space 1024K,   0% used [0x000000008b400000, 0x000000008b500000)
AC   0  F    TS     0 PTAMS 0x000000008b500000 NTAMS 0x000000008b500000 space 1024K,   0% used [0x000000008b500000, 0x000000008b600000)
AC   0  F    TS     0 PTAMS 0x000000008b600000 NTAMS 0x000000008b600000 space 1024K,   0% used [0x000000008b600000, 0x000000008b700000)
AC   0  F    TS     0 PTAMS 0x000000008b700000 NTAMS 0x000000008b700000 space 1024K,   0% used [0x000000008b700000, 0x000000008b800000)
AC   0  F    TS     0 PTAMS 0x000000008b800000 NTAMS 0x000000008b800000 space 1024K,   0% used [0x000000008b800000, 0x000000008b900000)
AC   0  F    TS     0 PTAMS 0x000000008b900000 NTAMS 0x000000008b900000 space 1024K,   0% used [0x000000008b900000, 0x000000008ba00000)
AC   0  F    TS     0 PTAMS 0x000000008ba00000 NTAMS 0x000000008ba00000 space 1024K,   0% used [0x000000008ba00000, 0x000000008bb00000)
AC   0  F    TS     0 PTAMS 0x000000008bb00000 NTAMS 0x000000008bb00000 space 1024K,   0% used [0x000000008bb00000, 0x000000008bc00000)
AC   0  F    TS     0 PTAMS 0x000000008bc00000 NTAMS 0x000000008bc00000 space 1024K,   0% used [0x000000008bc00000, 0x000000008bd00000)
AC   0  F    TS     0 PTAMS 0x000000008bd00000 NTAMS 0x000000008bd00000 space 1024K,   0% used [0x000000008bd00000, 0x000000008be00000)
AC   0  F    TS     0 PTAMS 0x000000008be00000 NTAMS 0x000000008be00000 space 1024K,   0% used [0x000000008be00000, 0x000000008bf00000)
AC   0  F    TS     0 PTAMS 0x000000008bf00000 NTAMS 0x000000008bf00000 space 1024K,   0% used [0x000000008bf00000, 0x000000008c000000)
AC   0  F    TS     0 PTAMS 0x000000008c000000 NTAMS 0x000000008c000000 space 1024K,   0% used [0x000000008c000000, 0x000000008c100000)
AC   0  F    TS     0 PTAMS 0x000000008c100000 NTAMS 0x000000008c100000 space 1024K,   0% used [0x000000008c100000, 0x000000008c200000)
AC   0  F    TS     0 PTAMS 0x000000008c200000 NTAMS 0x000000008c200000 space 1024K,   0% used [0x000000008c200000, 0x000000008c300000)
AC   0  F    TS     0 PTAMS 0x000000008c300000 NTAMS 0x000000008c300000 space 1024K,   0% used [0x000000008c300000, 0x000000008c400000)
AC   0  F    TS     0 PTAMS 0x000000008c400000 NTAMS 0x000000008c400000 space 1024K,   0% used [0x000000008c400000, 0x000000008c500000)
AC   0  F    TS     0 PTAMS 0x000000008c500000 NTAMS 0x000000008c500000 space 1024K,   0% used [0x000000008c500000, 0x000000008c600000)
AC   0  F    TS     0 PTAMS 0x000000008c600000 NTAMS 0x000000008c600000 space 1024K,   0% used [0x000000008c600000, 0x000000008c700000)
AC   0  F    TS     0 PTAMS 0x000000008c700000 NTAMS 0x000000008c700000 space 1024K,   0% used [0x000000008c700000, 0x000000008c800000)
AC   0  F    TS     0 PTAMS 0x000000008c800000 NTAMS 0x000000008c800000 space 1024K,   0% used [0x000000008c800000, 0x000000008c900000)
AC   0  F    TS     0 PTAMS 0x000000008c900000 NTAMS 0x000000008c900000 space 1024K,   0% used [0x000000008c900000, 0x000000008ca00000)
AC   0  F    TS     0 PTAMS 0x000000008ca00000 NTAMS 0x000000008ca00000 space 1024K,   0% used [0x000000008ca00000, 0x000000008cb00000)
AC   0  F    TS     0 PTAMS 0x000000008cb00000 NTAMS 0x000000008cb00000 space 1024K,   0% used [0x000000008cb00000, 0x000000008cc00000)
AC   0  F    TS     0 PTAMS 0x000000008cc00000 NTAMS 0x000000008cc00000 space 1024K,   0% used [0x000000008cc00000, 0x000000008cd00000)
AC   0  F    TS     0 PTAMS 0x000000008cd00000 NTAMS 0x000000008cd00000 space 1024K,   0% used [0x000000008cd00000, 0x000000008ce00000)
AC   0  F    TS     0 PTAMS 0x000000008ce00000 NTAMS 0x000000008ce00000 space 1024K,   0% used [0x000000008ce00000, 0x000000008cf00000)
AC   0  F    TS     0 PTAMS 0x000000008cf00000 NTAMS 0x000000008cf00000 space 1024K,   0% used [0x000000008cf00000, 0x000000008d000000)
AC   0  F    TS     0 PTAMS 0x000000008d000000 NTAMS 0x000000008d000000 space 1024K,   0% used [0x000000008d000000, 0x000000008d100000)
AC   0  F    TS     0 PTAMS 0x000000008d100000 NTAMS 0x000000008d100000 space 1024K,   0% used [0x000000008d100000, 0x000000008d200000)
AC   0  F    TS     0 PTAMS 0x000000008d200000 NTAMS 0x000000008d200000 space 1024K,   0% used [0x000000008d200000, 0x000000008d300000)
AC   0  F    TS     0 PTAMS 0x000000008d300000 NTAMS 0x000000008d300000 space 1024K,   0% used [0x000000008d300000, 0x000000008d400000)
AC   0  F    TS     0 PTAMS 0x000000008d400000 NTAMS 0x000000008d400000 space 1024K,   0% used [0x000000008d400000, 0x000000008d500000)
AC   0  F    TS     0 PTAMS 0x000000008d500000 NTAMS 0x000000008d500000 space 1024K,   0% used [0x000000008d500000, 0x000000008d600000)
AC   0  F    TS     0 PTAMS 0x000000008d600000 NTAMS 0x000000008d600000 space 1024K,   0% used [0x000000008d600000, 0x000000008d700000)
AC   0  F    TS     0 PTAMS 0x000000008d700000 NTAMS 0x000000008d700000 space 1024K,   0% used [0x000000008d700000, 0x000000008d800000)
AC   0  F    TS     0 PTAMS 0x000000008d800000 NTAMS 0x000000008d800000 space 1024K,   0% used [0x000000008d800000, 0x000000008d900000)
AC   0  F    TS     0 PTAMS 0x000000008d900000 NTAMS 0x000000008d900000 space 1024K,   0% used [0x000000008d900000, 0x000000008da00000)
AC   0  F    TS     0 PTAMS 0x000000008da00000 NTAMS 0x000000008da00000 space 1024K,   0% used [0x000000008da00000, 0x000000008db00000)
AC   0  F    TS     0 PTAMS 0x000000008db00000 NTAMS 0x000000008db00000 space 1024K,   0% used [0x000000008db00000, 0x000000008dc00000)
AC   0  F    TS     0 PTAMS 0x000000008dc00000 NTAMS 0x000000008dc00000 space 1024K,   0% used [0x000000008dc00000, 0x000000008dd00000)
AC   0  F    TS     0 PTAMS 0x000000008dd00000 NTAMS 0x000000008dd00000 space 1024K,   0% used [0x000000008dd00000, 0x000000008de00000)
AC   0  F    TS     0 PTAMS 0x000000008de00000 NTAMS 0x000000008de00000 space 1024K,   0% used [0x000000008de00000, 0x000000008df00000)
AC   0  F    TS     0 PTAMS 0x000000008df00000 NTAMS 0x000000008df00000 space 1024K,   0% used [0x000000008df00000, 0x000000008e000000)
AC   0  F    TS     0 PTAMS 0x000000008e000000 NTAMS 0x000000008e000000 space 1024K,   0% used [0x000000008e000000, 0x000000008e100000)
AC   0  F    TS     0 PTAMS 0x000000008e100000 NTAMS 0x000000008e100000 space 1024K,   0% used [0x000000008e100000, 0x000000008e200000)
AC   0  F    TS     0 PTAMS 0x000000008e200000 NTAMS 0x000000008e200000 space 1024K,   0% used [0x000000008e200000, 0x000000008e300000)
AC   0  F    TS     0 PTAMS 0x000000008e300000 NTAMS 0x000000008e300000 space 1024K,   0% used [0x000000008e300000, 0x000000008e400000)
AC   0  F    TS     0 PTAMS 0x000000008e400000 NTAMS 0x000000008e400000 space 1024K,   0% used [0x000000008e400000, 0x000000008e500000)
AC   0  F    TS     0 PTAMS 0x000000008e500000 NTAMS 0x000000008e500000 space 1024K,   0% used [0x000000008e500000, 0x000000008e600000)
AC   0  F    TS     0 PTAMS 0x000000008e600000 NTAMS 0x000000008e600000 space 1024K,   0% used [0x000000008e600000, 0x000000008e700000)
AC   0  F    TS     0 PTAMS 0x000000008e700000 NTAMS 0x000000008e700000 space 1024K,   0% used [0x000000008e700000, 0x000000008e800000)
AC   0  F    TS     0 PTAMS 0x000000008e800000 NTAMS 0x000000008e800000 space 1024K,   0% used [0x000000008e800000, 0x000000008e900000)
AC   0  F    TS     0 PTAMS 0x000000008e900000 NTAMS 0x000000008e900000 space 1024K,   0% used [0x000000008e900000, 0x000000008ea00000)
AC   0  F    TS     0 PTAMS 0x000000008ea00000 NTAMS 0x000000008ea00000 space 1024K,   0% used [0x000000008ea00000, 0x000000008eb00000)
AC   0  F    TS     0 PTAMS 0x000000008eb00000 NTAMS 0x000000008eb00000 space 1024K,   0% used [0x000000008eb00000, 0x000000008ec00000)
AC   0  F    TS     0 PTAMS 0x000000008ec00000 NTAMS 0x000000008ec00000 space 1024K,   0% used [0x000000008ec00000, 0x000000008ed00000)
AC   0  F    TS     0 PTAMS 0x000000008ed00000 NTAMS 0x000000008ed00000 space 1024K,   0% used [0x000000008ed00000, 0x000000008ee00000)
AC   0  F    TS     0 PTAMS 0x000000008ee00000 NTAMS 0x000000008ee00000 space 1024K,   0% used [0x000000008ee00000, 0x000000008ef00000)
AC   0  F    TS     0 PTAMS 0x000000008ef00000 NTAMS 0x000000008ef00000 space 1024K,   0% used [0x000000008ef00000, 0x000000008f000000)
AC   0  F    TS     0 PTAMS 0x000000008f000000 NTAMS 0x000000008f000000 space 1024K,   0% used [0x000000008f000000, 0x000000008f100000)
AC   0  F    TS     0 PTAMS 0x000000008f100000 NTAMS 0x000000008f100000 space 1024K,   0% used [0x000000008f100000, 0x000000008f200000)
AC   0  F    TS     0 PTAMS 0x000000008f200000 NTAMS 0x000000008f200000 space 1024K,   0% used [0x000000008f200000, 0x000000008f300000)
AC   0  F    TS     0 PTAMS 0x000000008f300000 NTAMS 0x000000008f300000 space 1024K,   0% used [0x000000008f300000, 0x000000008f400000)
AC   0  F    TS     0 PTAMS 0x000000008f400000 NTAMS 0x000000008f400000 space 1024K,   0% used [0x000000008f400000, 0x000000008f500000)
AC   0  F    TS     0 PTAMS 0x000000008f500000 NTAMS 0x000000008f500000 space 1024K,   0% used [0x000000008f500000, 0x000000008f600000)
AC   0  F    TS     0 PTAMS 0x000000008f600000 NTAMS 0x000000008f600000 space 1024K,   0% used [0x000000008f600000, 0x000000008f700000)
AC   0  F    TS     0 PTAMS 0x000000008f700000 NTAMS 0x000000008f700000 space 1024K,   0% used [0x000000008f700000, 0x000000008f800000)
AC   0  F    TS     0 PTAMS 0x000000008f800000 NTAMS 0x000000008f800000 space 1024K,   0% used [0x000000008f800000, 0x000000008f900000)
AC   0  F    TS     0 PTAMS 0x000000008f900000 NTAMS 0x000000008f900000 space 1024K,   0% used [0x000000008f900000, 0x000000008fa00000)
AC   0  F    TS     0 PTAMS 0x000000008fa00000 NTAMS 0x000000008fa00000 space 1024K,   0% used [0x000000008fa00000, 0x000000008fb00000)
AC   0  F    TS     0 PTAMS 0x000000008fb00000 NTAMS 0x000000008fb00000 space 1024K,   0% used [0x000000008fb00000, 0x000000008fc00000)
AC   0  F    TS     0 PTAMS 0x000000008fc00000 NTAMS 0x000000008fc00000 space 1024K,   0% used [0x000000008fc00000, 0x000000008fd00000)
AC   0  F    TS     0 PTAMS 0x000000008fd00000 NTAMS 0x000000008fd00000 space 1024K,   0% used [0x000000008fd00000, 0x000000008fe00000)
AC   0  F    TS     0 PTAMS 0x000000008fe00000 NTAMS 0x000000008fe00000 space 1024K,   0% used [0x000000008fe00000, 0x000000008ff00000)
AC   0  F    TS     0 PTAMS 0x000000008ff00000 NTAMS 0x000000008ff00000 space 1024K,   0% used [0x000000008ff00000, 0x0000000090000000)
AC   0  F    TS     0 PTAMS 0x0000000090000000 NTAMS 0x0000000090000000 space 1024K,   0% used [0x0000000090000000, 0x0000000090100000)
AC   0  F    TS     0 PTAMS 0x0000000090100000 NTAMS 0x0000000090100000 space 1024K,   0% used [0x0000000090100000, 0x0000000090200000)
AC   0  F    TS     0 PTAMS 0x0000000090200000 NTAMS 0x0000000090200000 space 1024K,   0% used [0x0000000090200000, 0x0000000090300000)
AC   0  F    TS     0 PTAMS 0x0000000090300000 NTAMS 0x0000000090300000 space 1024K,   0% used [0x0000000090300000, 0x0000000090400000)
AC   0  F    TS     0 PTAMS 0x0000000090400000 NTAMS 0x0000000090400000 space 1024K,   0% used [0x0000000090400000, 0x0000000090500000)
AC   0  F    TS     0 PTAMS 0x0000000090500000 NTAMS 0x0000000090500000 space 1024K,   0% used [0x0000000090500000, 0x0000000090600000)
AC   0  F    TS     0 PTAMS 0x0000000090600000 NTAMS 0x0000000090600000 space 1024K,   0% used [0x0000000090600000, 0x0000000090700000)
AC   0  F    TS     0 PTAMS 0x0000000090700000 NTAMS 0x0000000090700000 space 1024K,   0% used [0x0000000090700000, 0x0000000090800000)
AC   0  F    TS     0 PTAMS 0x0000000090800000 NTAMS 0x0000000090800000 space 1024K,   0% used [0x0000000090800000, 0x0000000090900000)
AC   0  F    TS     0 PTAMS 0x0000000090900000 NTAMS 0x0000000090900000 space 1024K,   0% used [0x0000000090900000, 0x0000000090a00000)
AC   0  F    TS     0 PTAMS 0x0000000090a00000 NTAMS 0x0000000090a00000 space 1024K,   0% used [0x0000000090a00000, 0x0000000090b00000)
AC   0  F    TS     0 PTAMS 0x0000000090b00000 NTAMS 0x0000000090b00000 space 1024K,   0% used [0x0000000090b00000, 0x0000000090c00000)
AC   0  F    TS     0 PTAMS 0x0000000090c00000 NTAMS 0x0000000090c00000 space 1024K,   0% used [0x0000000090c00000, 0x0000000090d00000)
AC   0  F    TS     0 PTAMS 0x0000000090d00000 NTAMS 0x0000000090d00000 space 1024K,   0% used [0x0000000090d00000, 0x0000000090e00000)
AC   0  F    TS     0 PTAMS 0x0000000090e00000 NTAMS 0x0000000090e00000 space 1024K,   0% used [0x0000000090e00000, 0x0000000090f00000)
AC   0  F    TS     0 PTAMS 0x0000000090f00000 NTAMS 0x0000000090f00000 space 1024K,   0% used [0x0000000090f00000, 0x0000000091000000)
AC   0  F    TS     0 PTAMS 0x0000000091000000 NTAMS 0x0000000091000000 space 1024K,   0% used [0x0000000091000000, 0x0000000091100000)
AC   0  F    TS     0 PTAMS 0x0000000091100000 NTAMS 0x0000000091100000 space 1024K,   0% used [0x0000000091100000, 0x0000000091200000)
AC   0  F    TS     0 PTAMS 0x0000000091200000 NTAMS 0x0000000091200000 space 1024K,   0% used [0x0000000091200000, 0x0000000091300000)
AC   0  F    TS     0 PTAMS 0x0000000091300000 NTAMS 0x0000000091300000 space 1024K,   0% used [0x0000000091300000, 0x0000000091400000)
AC   0  F    TS     0 PTAMS 0x0000000091400000 NTAMS 0x0000000091400000 space 1024K,   0% used [0x0000000091400000, 0x0000000091500000)
AC   0  F    TS     0 PTAMS 0x0000000091500000 NTAMS 0x0000000091500000 space 1024K,   0% used [0x0000000091500000, 0x0000000091600000)
AC   0  F    TS     0 PTAMS 0x0000000091600000 NTAMS 0x0000000091600000 space 1024K,   0% used [0x0000000091600000, 0x0000000091700000)
AC   0  F    TS     0 PTAMS 0x0000000091700000 NTAMS 0x0000000091700000 space 1024K,   0% used [0x0000000091700000, 0x0000000091800000)
AC   0  F    TS     0 PTAMS 0x0000000091800000 NTAMS 0x0000000091800000 space 1024K,   0% used [0x0000000091800000, 0x0000000091900000)
AC   0  F    TS     0 PTAMS 0x0000000091900000 NTAMS 0x0000000091900000 space 1024K,   0% used [0x0000000091900000, 0x0000000091a00000)
AC   0  F    TS     0 PTAMS 0x0000000091a00000 NTAMS 0x0000000091a00000 space 1024K,   0% used [0x0000000091a00000, 0x0000000091b00000)
AC   0  F    TS     0 PTAMS 0x0000000091b00000 NTAMS 0x0000000091b00000 space 1024K,   0% used [0x0000000091b00000, 0x0000000091c00000)
AC   0  F    TS     0 PTAMS 0x0000000091c00000 NTAMS 0x0000000091c00000 space 1024K,   0% used [0x0000000091c00000, 0x0000000091d00000)
AC   0  F    TS     0 PTAMS 0x0000000091d00000 NTAMS 0x0000000091d00000 space 1024K,   0% used [0x0000000091d00000, 0x0000000091e00000)
AC   0  F    TS     0 PTAMS 0x0000000091e00000 NTAMS 0x0000000091e00000 space 1024K,   0% used [0x0000000091e00000, 0x0000000091f00000)
AC   0  F    TS     0 PTAMS 0x0000000091f00000 NTAMS 0x0000000091f00000 space 1024K,   0% used [0x0000000091f00000, 0x0000000092000000)
AC   0  F    TS     0 PTAMS 0x0000000092000000 NTAMS 0x0000000092000000 space 1024K,   0% used [0x0000000092000000, 0x0000000092100000)
AC   0  F    TS     0 PTAMS 0x0000000092100000 NTAMS 0x0000000092100000 space 1024K,   0% used [0x0000000092100000, 0x0000000092200000)
AC   0  F    TS     0 PTAMS 0x0000000092200000 NTAMS 0x0000000092200000 space 1024K,   0% used [0x0000000092200000, 0x0000000092300000)
AC   0  F    TS     0 PTAMS 0x0000000092300000 NTAMS 0x0000000092300000 space 1024K,   0% used [0x0000000092300000, 0x0000000092400000)
AC   0  F    TS     0 PTAMS 0x0000000092400000 NTAMS 0x0000000092400000 space 1024K,   0% used [0x0000000092400000, 0x0000000092500000)
AC   0  F    TS     0 PTAMS 0x0000000092500000 NTAMS 0x0000000092500000 space 1024K,   0% used [0x0000000092500000, 0x0000000092600000)
AC   0  F    TS     0 PTAMS 0x0000000092600000 NTAMS 0x0000000092600000 space 1024K,   0% used [0x0000000092600000, 0x0000000092700000)
AC   0  F    TS     0 PTAMS 0x0000000092700000 NTAMS 0x0000000092700000 space 1024K,   0% used [0x0000000092700000, 0x0000000092800000)
AC   0  F    TS     0 PTAMS 0x0000000092800000 NTAMS 0x0000000092800000 space 1024K,   0% used [0x0000000092800000, 0x0000000092900000)
AC   0  F    TS     0 PTAMS 0x0000000092900000 NTAMS 0x0000000092900000 space 1024K,   0% used [0x0000000092900000, 0x0000000092a00000)
AC   0  F    TS     0 PTAMS 0x0000000092a00000 NTAMS 0x0000000092a00000 space 1024K,   0% used [0x0000000092a00000, 0x0000000092b00000)
AC   0  F    TS     0 PTAMS 0x0000000092b00000 NTAMS 0x0000000092b00000 space 1024K,   0% used [0x0000000092b00000, 0x0000000092c00000)
AC   0  F    TS     0 PTAMS 0x0000000092c00000 NTAMS 0x0000000092c00000 space 1024K,   0% used [0x0000000092c00000, 0x0000000092d00000)
AC   0  F    TS     0 PTAMS 0x0000000092d00000 NTAMS 0x0000000092d00000 space 1024K,   0% used [0x0000000092d00000, 0x0000000092e00000)
AC   0  F    TS     0 PTAMS 0x0000000092e00000 NTAMS 0x0000000092e00000 space 1024K,   0% used [0x0000000092e00000, 0x0000000092f00000)
AC   0  F    TS     0 PTAMS 0x0000000092f00000 NTAMS 0x0000000092f00000 space 1024K,   0% used [0x0000000092f00000, 0x0000000093000000)
AC   0  F    TS     0 PTAMS 0x0000000093000000 NTAMS 0x0000000093000000 space 1024K,   0% used [0x0000000093000000, 0x0000000093100000)
AC   0  F    TS     0 PTAMS 0x0000000093100000 NTAMS 0x0000000093100000 space 1024K,   0% used [0x0000000093100000, 0x0000000093200000)
AC   0  F    TS     0 PTAMS 0x0000000093200000 NTAMS 0x0000000093200000 space 1024K,   0% used [0x0000000093200000, 0x0000000093300000)
AC   0  F    TS     0 PTAMS 0x0000000093300000 NTAMS 0x0000000093300000 space 1024K,   0% used [0x0000000093300000, 0x0000000093400000)
AC   0  F    TS     0 PTAMS 0x0000000093400000 NTAMS 0x0000000093400000 space 1024K,   0% used [0x0000000093400000, 0x0000000093500000)
AC   0  F    TS     0 PTAMS 0x0000000093500000 NTAMS 0x0000000093500000 space 1024K,   0% used [0x0000000093500000, 0x0000000093600000)
AC   0  F    TS     0 PTAMS 0x0000000093600000 NTAMS 0x0000000093600000 space 1024K,   0% used [0x0000000093600000, 0x0000000093700000)
AC   0  F    TS     0 PTAMS 0x0000000093700000 NTAMS 0x0000000093700000 space 1024K,   0% used [0x0000000093700000, 0x0000000093800000)
AC   0  F    TS     0 PTAMS 0x0000000093800000 NTAMS 0x0000000093800000 space 1024K,   0% used [0x0000000093800000, 0x0000000093900000)
AC   0  F    TS     0 PTAMS 0x0000000093900000 NTAMS 0x0000000093900000 space 1024K,   0% used [0x0000000093900000, 0x0000000093a00000)
AC   0  F    TS     0 PTAMS 0x0000000093a00000 NTAMS 0x0000000093a00000 space 1024K,   0% used [0x0000000093a00000, 0x0000000093b00000)
AC   0  F    TS     0 PTAMS 0x0000000093b00000 NTAMS 0x0000000093b00000 space 1024K,   0% used [0x0000000093b00000, 0x0000000093c00000)
AC   0  F    TS     0 PTAMS 0x0000000093c00000 NTAMS 0x0000000093c00000 space 1024K,   0% used [0x0000000093c00000, 0x0000000093d00000)
AC   0  F    TS     0 PTAMS 0x0000000093d00000 NTAMS 0x0000000093d00000 space 1024K,   0% used [0x0000000093d00000, 0x0000000093e00000)
AC   0  F    TS     0 PTAMS 0x0000000093e00000 NTAMS 0x0000000093e00000 space 1024K,   0% used [0x0000000093e00000, 0x0000000093f00000)
AC   0  F    TS     0 PTAMS 0x0000000093f00000 NTAMS 0x0000000093f00000 space 1024K,   0% used [0x0000000093f00000, 0x0000000094000000)
AC   0  F    TS     0 PTAMS 0x0000000094000000 NTAMS 0x0000000094000000 space 1024K,   0% used [0x0000000094000000, 0x0000000094100000)
AC   0  F    TS     0 PTAMS 0x0000000094100000 NTAMS 0x0000000094100000 space 1024K,   0% used [0x0000000094100000, 0x0000000094200000)
AC   0  F    TS     0 PTAMS 0x0000000094200000 NTAMS 0x0000000094200000 space 1024K,   0% used [0x0000000094200000, 0x0000000094300000)
AC   0  F    TS     0 PTAMS 0x0000000094300000 NTAMS 0x0000000094300000 space 1024K,   0% used [0x0000000094300000, 0x0000000094400000)
AC   0  F    TS     0 PTAMS 0x0000000094400000 NTAMS 0x0000000094400000 space 1024K,   0% used [0x0000000094400000, 0x0000000094500000)
AC   0  F    TS     0 PTAMS 0x0000000094500000 NTAMS 0x0000000094500000 space 1024K,   0% used [0x0000000094500000, 0x0000000094600000)
AC   0  F    TS     0 PTAMS 0x0000000094600000 NTAMS 0x0000000094600000 space 1024K,   0% used [0x0000000094600000, 0x0000000094700000)
AC   0  F    TS     0 PTAMS 0x0000000094700000 NTAMS 0x0000000094700000 space 1024K,   0% used [0x0000000094700000, 0x0000000094800000)
AC   0  F    TS     0 PTAMS 0x0000000094800000 NTAMS 0x0000000094800000 space 1024K,   0% used [0x0000000094800000, 0x0000000094900000)
AC   0  F    TS     0 PTAMS 0x0000000094900000 NTAMS 0x0000000094900000 space 1024K,   0% used [0x0000000094900000, 0x0000000094a00000)
AC   0  F    TS     0 PTAMS 0x0000000094a00000 NTAMS 0x0000000094a00000 space 1024K,   0% used [0x0000000094a00000, 0x0000000094b00000)
AC   0  F    TS     0 PTAMS 0x0000000094b00000 NTAMS 0x0000000094b00000 space 1024K,   0% used [0x0000000094b00000, 0x0000000094c00000)
AC   0  F    TS     0 PTAMS 0x0000000094c00000 NTAMS 0x0000000094c00000 space 1024K,   0% used [0x0000000094c00000, 0x0000000094d00000)
AC   0  F    TS     0 PTAMS 0x0000000094d00000 NTAMS 0x0000000094d00000 space 1024K,   0% used [0x0000000094d00000, 0x0000000094e00000)
AC   0  F    TS     0 PTAMS 0x0000000094e00000 NTAMS 0x0000000094e00000 space 1024K,   0% used [0x0000000094e00000, 0x0000000094f00000)
AC   0  F    TS     0 PTAMS 0x0000000094f00000 NTAMS 0x0000000094f00000 space 1024K,   0% used [0x0000000094f00000, 0x0000000095000000)
AC   0  F    TS     0 PTAMS 0x0000000095000000 NTAMS 0x0000000095000000 space 1024K,   0% used [0x0000000095000000, 0x0000000095100000)
AC   0  F    TS     0 PTAMS 0x0000000095100000 NTAMS 0x0000000095100000 space 1024K,   0% used [0x0000000095100000, 0x0000000095200000)
AC   0  F    TS     0 PTAMS 0x0000000095200000 NTAMS 0x0000000095200000 space 1024K,   0% used [0x0000000095200000, 0x0000000095300000)
AC   0  F    TS     0 PTAMS 0x0000000095300000 NTAMS 0x0000000095300000 space 1024K,   0% used [0x0000000095300000, 0x0000000095400000)
AC   0  F    TS     0 PTAMS 0x0000000095400000 NTAMS 0x0000000095400000 space 1024K,   0% used [0x0000000095400000, 0x0000000095500000)
AC   0  F    TS     0 PTAMS 0x0000000095500000 NTAMS 0x0000000095500000 space 1024K,   0% used [0x0000000095500000, 0x0000000095600000)
AC   0  F    TS     0 PTAMS 0x0000000095600000 NTAMS 0x0000000095600000 space 1024K,   0% used [0x0000000095600000, 0x0000000095700000)
AC   0  F    TS     0 PTAMS 0x0000000095700000 NTAMS 0x0000000095700000 space 1024K,   0% used [0x0000000095700000, 0x0000000095800000)
AC   0  F    TS     0 PTAMS 0x0000000095800000 NTAMS 0x0000000095800000 space 1024K,   0% used [0x0000000095800000, 0x0000000095900000)
AC   0  F    TS     0 PTAMS 0x0000000095900000 NTAMS 0x0000000095900000 space 1024K,   0% used [0x0000000095900000, 0x0000000095a00000)
AC   0  F    TS     0 PTAMS 0x0000000095a00000 NTAMS 0x0000000095a00000 space 1024K,   0% used [0x0000000095a00000, 0x0000000095b00000)
AC   0  F    TS     0 PTAMS 0x0000000095b00000 NTAMS 0x0000000095b00000 space 1024K,   0% used [0x0000000095b00000, 0x0000000095c00000)
AC   0  F    TS     0 PTAMS 0x0000000095c00000 NTAMS 0x0000000095c00000 space 1024K,   0% used [0x0000000095c00000, 0x0000000095d00000)
AC   0  F    TS     0 PTAMS 0x0000000095d00000 NTAMS 0x0000000095d00000 space 1024K,   0% used [0x0000000095d00000, 0x0000000095e00000)
AC   0  F    TS     0 PTAMS 0x0000000095e00000 NTAMS 0x0000000095e00000 space 1024K,   0% used [0x0000000095e00000, 0x0000000095f00000)
AC   0  F    TS     0 PTAMS 0x0000000095f00000 NTAMS 0x0000000095f00000 space 1024K,   0% used [0x0000000095f00000, 0x0000000096000000)
AC   0  F    TS     0 PTAMS 0x0000000096000000 NTAMS 0x0000000096000000 space 1024K,   0% used [0x0000000096000000, 0x0000000096100000)
AC   0  F    TS     0 PTAMS 0x0000000096100000 NTAMS 0x0000000096100000 space 1024K,   0% used [0x0000000096100000, 0x0000000096200000)
AC   0  F    TS     0 PTAMS 0x0000000096200000 NTAMS 0x0000000096200000 space 1024K,   0% used [0x0000000096200000, 0x0000000096300000)
AC   0  F    TS     0 PTAMS 0x0000000096300000 NTAMS 0x0000000096300000 space 1024K,   0% used [0x0000000096300000, 0x0000000096400000)
AC   0  F    TS     0 PTAMS 0x0000000096400000 NTAMS 0x0000000096400000 space 1024K,   0% used [0x0000000096400000, 0x0000000096500000)
AC   0  F    TS     0 PTAMS 0x0000000096500000 NTAMS 0x0000000096500000 space 1024K,   0% used [0x0000000096500000, 0x0000000096600000)
AC   0  F    TS     0 PTAMS 0x0000000096600000 NTAMS 0x0000000096600000 space 1024K,   0% used [0x0000000096600000, 0x0000000096700000)
AC   0  F    TS     0 PTAMS 0x0000000096700000 NTAMS 0x0000000096700000 space 1024K,   0% used [0x0000000096700000, 0x0000000096800000)
AC   0  F    TS     0 PTAMS 0x0000000096800000 NTAMS 0x0000000096800000 space 1024K,   0% used [0x0000000096800000, 0x0000000096900000)
AC   0  F    TS     0 PTAMS 0x0000000096900000 NTAMS 0x0000000096900000 space 1024K,   0% used [0x0000000096900000, 0x0000000096a00000)
AC   0  F    TS     0 PTAMS 0x0000000096a00000 NTAMS 0x0000000096a00000 space 1024K,   0% used [0x0000000096a00000, 0x0000000096b00000)
AC   0  F    TS     0 PTAMS 0x0000000096b00000 NTAMS 0x0000000096b00000 space 1024K,   0% used [0x0000000096b00000, 0x0000000096c00000)
AC   0  F    TS     0 PTAMS 0x0000000096c00000 NTAMS 0x0000000096c00000 space 1024K,   0% used [0x0000000096c00000, 0x0000000096d00000)
AC   0  F    TS     0 PTAMS 0x0000000096d00000 NTAMS 0x0000000096d00000 space 1024K,   0% used [0x0000000096d00000, 0x0000000096e00000)
AC   0  F    TS     0 PTAMS 0x0000000096e00000 NTAMS 0x0000000096e00000 space 1024K,   0% used [0x0000000096e00000, 0x0000000096f00000)
AC   0  F    TS     0 PTAMS 0x0000000096f00000 NTAMS 0x0000000096f00000 space 1024K,   0% used [0x0000000096f00000, 0x0000000097000000)
AC   0  F    TS     0 PTAMS 0x0000000097000000 NTAMS 0x0000000097000000 space 1024K,   0% used [0x0000000097000000, 0x0000000097100000)
AC   0  F    TS     0 PTAMS 0x0000000097100000 NTAMS 0x0000000097100000 space 1024K,   0% used [0x0000000097100000, 0x0000000097200000)
AC   0  F    TS     0 PTAMS 0x0000000097200000 NTAMS 0x0000000097200000 space 1024K,   0% used [0x0000000097200000, 0x0000000097300000)
AC   0  F    TS     0 PTAMS 0x0000000097300000 NTAMS 0x0000000097300000 space 1024K,   0% used [0x0000000097300000, 0x0000000097400000)
AC   0  F    TS     0 PTAMS 0x0000000097400000 NTAMS 0x0000000097400000 space 1024K,   0% used [0x0000000097400000, 0x0000000097500000)
AC   0  F    TS     0 PTAMS 0x0000000097500000 NTAMS 0x0000000097500000 space 1024K,   0% used [0x0000000097500000, 0x0000000097600000)
AC   0  F    TS     0 PTAMS 0x0000000097600000 NTAMS 0x0000000097600000 space 1024K,   0% used [0x0000000097600000, 0x0000000097700000)
AC   0  F    TS     0 PTAMS 0x0000000097700000 NTAMS 0x0000000097700000 space 1024K,   0% used [0x0000000097700000, 0x0000000097800000)
AC   0  F    TS     0 PTAMS 0x0000000097800000 NTAMS 0x0000000097800000 space 1024K,   0% used [0x0000000097800000, 0x0000000097900000)
AC   0  F    TS     0 PTAMS 0x0000000097900000 NTAMS 0x0000000097900000 space 1024K,   0% used [0x0000000097900000, 0x0000000097a00000)
AC   0  F    TS     0 PTAMS 0x0000000097a00000 NTAMS 0x0000000097a00000 space 1024K,   0% used [0x0000000097a00000, 0x0000000097b00000)
AC   0  F    TS     0 PTAMS 0x0000000097b00000 NTAMS 0x0000000097b00000 space 1024K,   0% used [0x0000000097b00000, 0x0000000097c00000)
AC   0  F    TS     0 PTAMS 0x0000000097c00000 NTAMS 0x0000000097c00000 space 1024K,   0% used [0x0000000097c00000, 0x0000000097d00000)
AC   0  F    TS     0 PTAMS 0x0000000097d00000 NTAMS 0x0000000097d00000 space 1024K,   0% used [0x0000000097d00000, 0x0000000097e00000)
AC   0  F    TS     0 PTAMS 0x0000000097e00000 NTAMS 0x0000000097e00000 space 1024K,   0% used [0x0000000097e00000, 0x0000000097f00000)
AC   0  F    TS     0 PTAMS 0x0000000097f00000 NTAMS 0x0000000097f00000 space 1024K,   0% used [0x0000000097f00000, 0x0000000098000000)
AC   0  F    TS     0 PTAMS 0x0000000098000000 NTAMS 0x0000000098000000 space 1024K,   0% used [0x0000000098000000, 0x0000000098100000)
AC   0  F    TS     0 PTAMS 0x0000000098100000 NTAMS 0x0000000098100000 space 1024K,   0% used [0x0000000098100000, 0x0000000098200000)
AC   0  F    TS     0 PTAMS 0x0000000098200000 NTAMS 0x0000000098200000 space 1024K,   0% used [0x0000000098200000, 0x0000000098300000)
AC   0  F    TS     0 PTAMS 0x0000000098300000 NTAMS 0x0000000098300000 space 1024K,   0% used [0x0000000098300000, 0x0000000098400000)
AC   0  F    TS     0 PTAMS 0x0000000098400000 NTAMS 0x0000000098400000 space 1024K,   0% used [0x0000000098400000, 0x0000000098500000)
AC   0  F    TS     0 PTAMS 0x0000000098500000 NTAMS 0x0000000098500000 space 1024K,   0% used [0x0000000098500000, 0x0000000098600000)
AC   0  F    TS     0 PTAMS 0x0000000098600000 NTAMS 0x0000000098600000 space 1024K,   0% used [0x0000000098600000, 0x0000000098700000)
AC   0  F    TS     0 PTAMS 0x0000000098700000 NTAMS 0x0000000098700000 space 1024K,   0% used [0x0000000098700000, 0x0000000098800000)
AC   0  F    TS     0 PTAMS 0x0000000098800000 NTAMS 0x0000000098800000 space 1024K,   0% used [0x0000000098800000, 0x0000000098900000)
AC   0  F    TS     0 PTAMS 0x0000000098900000 NTAMS 0x0000000098900000 space 1024K,   0% used [0x0000000098900000, 0x0000000098a00000)
AC   0  F    TS     0 PTAMS 0x0000000098a00000 NTAMS 0x0000000098a00000 space 1024K,   0% used [0x0000000098a00000, 0x0000000098b00000)
AC   0  F    TS     0 PTAMS 0x0000000098b00000 NTAMS 0x0000000098b00000 space 1024K,   0% used [0x0000000098b00000, 0x0000000098c00000)
AC   0  F    TS     0 PTAMS 0x0000000098c00000 NTAMS 0x0000000098c00000 space 1024K,   0% used [0x0000000098c00000, 0x0000000098d00000)
AC   0  F    TS     0 PTAMS 0x0000000098d00000 NTAMS 0x0000000098d00000 space 1024K,   0% used [0x0000000098d00000, 0x0000000098e00000)
AC   0  F    TS     0 PTAMS 0x0000000098e00000 NTAMS 0x0000000098e00000 space 1024K,   0% used [0x0000000098e00000, 0x0000000098f00000)
AC   0  F    TS     0 PTAMS 0x0000000098f00000 NTAMS 0x0000000098f00000 space 1024K,   0% used [0x0000000098f00000, 0x0000000099000000)
AC   0  F    TS     0 PTAMS 0x0000000099000000 NTAMS 0x0000000099000000 space 1024K,   0% used [0x0000000099000000, 0x0000000099100000)
AC   0  F    TS     0 PTAMS 0x0000000099100000 NTAMS 0x0000000099100000 space 1024K,   0% used [0x0000000099100000, 0x0000000099200000)
AC   0  F    TS     0 PTAMS 0x0000000099200000 NTAMS 0x0000000099200000 space 1024K,   0% used [0x0000000099200000, 0x0000000099300000)
AC   0  F    TS     0 PTAMS 0x0000000099300000 NTAMS 0x0000000099300000 space 1024K,   0% used [0x0000000099300000, 0x0000000099400000)
AC   0  F    TS     0 PTAMS 0x0000000099400000 NTAMS 0x0000000099400000 space 1024K,   0% used [0x0000000099400000, 0x0000000099500000)
AC   0  F    TS     0 PTAMS 0x0000000099500000 NTAMS 0x0000000099500000 space 1024K,   0% used [0x0000000099500000, 0x0000000099600000)
AC   0  F    TS     0 PTAMS 0x0000000099600000 NTAMS 0x0000000099600000 space 1024K,   0% used [0x0000000099600000, 0x0000000099700000)
AC   0  F    TS     0 PTAMS 0x0000000099700000 NTAMS 0x0000000099700000 space 1024K,   0% used [0x0000000099700000, 0x0000000099800000)
AC   0  F    TS     0 PTAMS 0x0000000099800000 NTAMS 0x0000000099800000 space 1024K,   0% used [0x0000000099800000, 0x0000000099900000)
AC   0  F    TS     0 PTAMS 0x0000000099900000 NTAMS 0x0000000099900000 space 1024K,   0% used [0x0000000099900000, 0x0000000099a00000)
AC   0  F    TS     0 PTAMS 0x0000000099a00000 NTAMS 0x0000000099a00000 space 1024K,   0% used [0x0000000099a00000, 0x0000000099b00000)
AC   0  F    TS     0 PTAMS 0x0000000099b00000 NTAMS 0x0000000099b00000 space 1024K,   0% used [0x0000000099b00000, 0x0000000099c00000)
AC   0  F    TS     0 PTAMS 0x0000000099c00000 NTAMS 0x0000000099c00000 space 1024K,   0% used [0x0000000099c00000, 0x0000000099d00000)
AC   0  F    TS     0 PTAMS 0x0000000099d00000 NTAMS 0x0000000099d00000 space 1024K,   0% used [0x0000000099d00000, 0x0000000099e00000)
AC   0  F    TS     0 PTAMS 0x0000000099e00000 NTAMS 0x0000000099e00000 space 1024K,   0% used [0x0000000099e00000, 0x0000000099f00000)
AC   0  F    TS     0 PTAMS 0x0000000099f00000 NTAMS 0x0000000099f00000 space 1024K,   0% used [0x0000000099f00000, 0x000000009a000000)
AC   0  F    TS     0 PTAMS 0x000000009a000000 NTAMS 0x000000009a000000 space 1024K,   0% used [0x000000009a000000, 0x000000009a100000)
AC   0  F    TS     0 PTAMS 0x000000009a100000 NTAMS 0x000000009a100000 space 1024K,   0% used [0x000000009a100000, 0x000000009a200000)
AC   0  F    TS     0 PTAMS 0x000000009a200000 NTAMS 0x000000009a200000 space 1024K,   0% used [0x000000009a200000, 0x000000009a300000)
AC   0  F    TS     0 PTAMS 0x000000009a300000 NTAMS 0x000000009a300000 space 1024K,   0% used [0x000000009a300000, 0x000000009a400000)
AC   0  F    TS     0 PTAMS 0x000000009a400000 NTAMS 0x000000009a400000 space 1024K,   0% used [0x000000009a400000, 0x000000009a500000)
AC   0  F    TS     0 PTAMS 0x000000009a500000 NTAMS 0x000000009a500000 space 1024K,   0% used [0x000000009a500000, 0x000000009a600000)
AC   0  F    TS     0 PTAMS 0x000000009a600000 NTAMS 0x000000009a600000 space 1024K,   0% used [0x000000009a600000, 0x000000009a700000)
AC   0  F    TS     0 PTAMS 0x000000009a700000 NTAMS 0x000000009a700000 space 1024K,   0% used [0x000000009a700000, 0x000000009a800000)
AC   0  F    TS     0 PTAMS 0x000000009a800000 NTAMS 0x000000009a800000 space 1024K,   0% used [0x000000009a800000, 0x000000009a900000)
AC   0  F    TS     0 PTAMS 0x000000009a900000 NTAMS 0x000000009a900000 space 1024K,   0% used [0x000000009a900000, 0x000000009aa00000)
AC   0  F    TS     0 PTAMS 0x000000009aa00000 NTAMS 0x000000009aa00000 space 1024K,   0% used [0x000000009aa00000, 0x000000009ab00000)
AC   0  F    TS     0 PTAMS 0x000000009ab00000 NTAMS 0x000000009ab00000 space 1024K,   0% used [0x000000009ab00000, 0x000000009ac00000)
AC   0  F    TS     0 PTAMS 0x000000009ac00000 NTAMS 0x000000009ac00000 space 1024K,   0% used [0x000000009ac00000, 0x000000009ad00000)
AC   0  F    TS     0 PTAMS 0x000000009ad00000 NTAMS 0x000000009ad00000 space 1024K,   0% used [0x000000009ad00000, 0x000000009ae00000)
AC   0  F    TS     0 PTAMS 0x000000009ae00000 NTAMS 0x000000009ae00000 space 1024K,   0% used [0x000000009ae00000, 0x000000009af00000)
AC   0  F    TS     0 PTAMS 0x000000009af00000 NTAMS 0x000000009af00000 space 1024K,   0% used [0x000000009af00000, 0x000000009b000000)
AC   0  F    TS     0 PTAMS 0x000000009b000000 NTAMS 0x000000009b000000 space 1024K,   0% used [0x000000009b000000, 0x000000009b100000)
AC   0  F    TS     0 PTAMS 0x000000009b100000 NTAMS 0x000000009b100000 space 1024K,   0% used [0x000000009b100000, 0x000000009b200000)
AC   0  F    TS     0 PTAMS 0x000000009b200000 NTAMS 0x000000009b200000 space 1024K,   0% used [0x000000009b200000, 0x000000009b300000)
AC   0  F    TS     0 PTAMS 0x000000009b300000 NTAMS 0x000000009b300000 space 1024K,   0% used [0x000000009b300000, 0x000000009b400000)
AC   0  F    TS     0 PTAMS 0x000000009b400000 NTAMS 0x000000009b400000 space 1024K,   0% used [0x000000009b400000, 0x000000009b500000)
AC   0  F    TS     0 PTAMS 0x000000009b500000 NTAMS 0x000000009b500000 space 1024K,   0% used [0x000000009b500000, 0x000000009b600000)
AC   0  F    TS     0 PTAMS 0x000000009b600000 NTAMS 0x000000009b600000 space 1024K,   0% used [0x000000009b600000, 0x000000009b700000)
AC   0  F    TS     0 PTAMS 0x000000009b700000 NTAMS 0x000000009b700000 space 1024K,   0% used [0x000000009b700000, 0x000000009b800000)
AC   0  F    TS     0 PTAMS 0x000000009b800000 NTAMS 0x000000009b800000 space 1024K,   0% used [0x000000009b800000, 0x000000009b900000)
AC   0  F    TS     0 PTAMS 0x000000009b900000 NTAMS 0x000000009b900000 space 1024K,   0% used [0x000000009b900000, 0x000000009ba00000)
AC   0  F    TS     0 PTAMS 0x000000009ba00000 NTAMS 0x000000009ba00000 space 1024K,   0% used [0x000000009ba00000, 0x000000009bb00000)
AC   0  F    TS     0 PTAMS 0x000000009bb00000 NTAMS 0x000000009bb00000 space 1024K,   0% used [0x000000009bb00000, 0x000000009bc00000)
AC   0  F    TS     0 PTAMS 0x000000009bc00000 NTAMS 0x000000009bc00000 space 1024K,   0% used [0x000000009bc00000, 0x000000009bd00000)
AC   0  F    TS     0 PTAMS 0x000000009bd00000 NTAMS 0x000000009bd00000 space 1024K,   0% used [0x000000009bd00000, 0x000000009be00000)
AC   0  F    TS     0 PTAMS 0x000000009be00000 NTAMS 0x000000009be00000 space 1024K,   0% used [0x000000009be00000, 0x000000009bf00000)
AC   0  F    TS     0 PTAMS 0x000000009bf00000 NTAMS 0x000000009bf00000 space 1024K,   0% used [0x000000009bf00000, 0x000000009c000000)
AC   0  F    TS     0 PTAMS 0x000000009c000000 NTAMS 0x000000009c000000 space 1024K,   0% used [0x000000009c000000, 0x000000009c100000)
AC   0  F    TS     0 PTAMS 0x000000009c100000 NTAMS 0x000000009c100000 space 1024K,   0% used [0x000000009c100000, 0x000000009c200000)
AC   0  F    TS     0 PTAMS 0x000000009c200000 NTAMS 0x000000009c200000 space 1024K,   0% used [0x000000009c200000, 0x000000009c300000)
AC   0  F    TS     0 PTAMS 0x000000009c300000 NTAMS 0x000000009c300000 space 1024K,   0% used [0x000000009c300000, 0x000000009c400000)
AC   0  F    TS     0 PTAMS 0x000000009c400000 NTAMS 0x000000009c400000 space 1024K,   0% used [0x000000009c400000, 0x000000009c500000)
AC   0  F    TS     0 PTAMS 0x000000009c500000 NTAMS 0x000000009c500000 space 1024K,   0% used [0x000000009c500000, 0x000000009c600000)
AC   0  F    TS     0 PTAMS 0x000000009c600000 NTAMS 0x000000009c600000 space 1024K,   0% used [0x000000009c600000, 0x000000009c700000)
AC   0  F    TS     0 PTAMS 0x000000009c700000 NTAMS 0x000000009c700000 space 1024K,   0% used [0x000000009c700000, 0x000000009c800000)
AC   0  F    TS     0 PTAMS 0x000000009c800000 NTAMS 0x000000009c800000 space 1024K,   0% used [0x000000009c800000, 0x000000009c900000)
AC   0  F    TS     0 PTAMS 0x000000009c900000 NTAMS 0x000000009c900000 space 1024K,   0% used [0x000000009c900000, 0x000000009ca00000)
AC   0  F    TS     0 PTAMS 0x000000009ca00000 NTAMS 0x000000009ca00000 space 1024K,   0% used [0x000000009ca00000, 0x000000009cb00000)
AC   0  F    TS     0 PTAMS 0x000000009cb00000 NTAMS 0x000000009cb00000 space 1024K,   0% used [0x000000009cb00000, 0x000000009cc00000)
AC   0  F    TS     0 PTAMS 0x000000009cc00000 NTAMS 0x000000009cc00000 space 1024K,   0% used [0x000000009cc00000, 0x000000009cd00000)
AC   0  F    TS     0 PTAMS 0x000000009cd00000 NTAMS 0x000000009cd00000 space 1024K,   0% used [0x000000009cd00000, 0x000000009ce00000)
AC   0  F    TS     0 PTAMS 0x000000009ce00000 NTAMS 0x000000009ce00000 space 1024K,   0% used [0x000000009ce00000, 0x000000009cf00000)
AC   0  F    TS     0 PTAMS 0x000000009cf00000 NTAMS 0x000000009cf00000 space 1024K,   0% used [0x000000009cf00000, 0x000000009d000000)
AC   0  F    TS     0 PTAMS 0x000000009d000000 NTAMS 0x000000009d000000 space 1024K,   0% used [0x000000009d000000, 0x000000009d100000)
AC   0  F    TS     0 PTAMS 0x000000009d100000 NTAMS 0x000000009d100000 space 1024K,   0% used [0x000000009d100000, 0x000000009d200000)
AC   0  F    TS     0 PTAMS 0x000000009d200000 NTAMS 0x000000009d200000 space 1024K,   0% used [0x000000009d200000, 0x000000009d300000)
AC   0  F    TS     0 PTAMS 0x000000009d300000 NTAMS 0x000000009d300000 space 1024K,   0% used [0x000000009d300000, 0x000000009d400000)
AC   0  F    TS     0 PTAMS 0x000000009d400000 NTAMS 0x000000009d400000 space 1024K,   0% used [0x000000009d400000, 0x000000009d500000)
AC   0  F    TS     0 PTAMS 0x000000009d500000 NTAMS 0x000000009d500000 space 1024K,   0% used [0x000000009d500000, 0x000000009d600000)
AC   0  F    TS     0 PTAMS 0x000000009d600000 NTAMS 0x000000009d600000 space 1024K,   0% used [0x000000009d600000, 0x000000009d700000)
AC   0  F    TS     0 PTAMS 0x000000009d700000 NTAMS 0x000000009d700000 space 1024K,   0% used [0x000000009d700000, 0x000000009d800000)
AC   0  F    TS     0 PTAMS 0x000000009d800000 NTAMS 0x000000009d800000 space 1024K,   0% used [0x000000009d800000, 0x000000009d900000)
AC   0  F    TS     0 PTAMS 0x000000009d900000 NTAMS 0x000000009d900000 space 1024K,   0% used [0x000000009d900000, 0x000000009da00000)
AC   0  F    TS     0 PTAMS 0x000000009da00000 NTAMS 0x000000009da00000 space 1024K,   0% used [0x000000009da00000, 0x000000009db00000)
AC   0  F    TS     0 PTAMS 0x000000009db00000 NTAMS 0x000000009db00000 space 1024K,   0% used [0x000000009db00000, 0x000000009dc00000)
AC   0  F    TS     0 PTAMS 0x000000009dc00000 NTAMS 0x000000009dc00000 space 1024K,   0% used [0x000000009dc00000, 0x000000009dd00000)
AC   0  F    TS     0 PTAMS 0x000000009dd00000 NTAMS 0x000000009dd00000 space 1024K,   0% used [0x000000009dd00000, 0x000000009de00000)
AC   0  F    TS     0 PTAMS 0x000000009de00000 NTAMS 0x000000009de00000 space 1024K,   0% used [0x000000009de00000, 0x000000009df00000)
AC   0  F    TS     0 PTAMS 0x000000009df00000 NTAMS 0x000000009df00000 space 1024K,   0% used [0x000000009df00000, 0x000000009e000000)
AC   0  F    TS     0 PTAMS 0x000000009e000000 NTAMS 0x000000009e000000 space 1024K,   0% used [0x000000009e000000, 0x000000009e100000)
AC   0  F    TS     0 PTAMS 0x000000009e100000 NTAMS 0x000000009e100000 space 1024K,   0% used [0x000000009e100000, 0x000000009e200000)
AC   0  F    TS     0 PTAMS 0x000000009e200000 NTAMS 0x000000009e200000 space 1024K,   0% used [0x000000009e200000, 0x000000009e300000)
AC   0  F    TS     0 PTAMS 0x000000009e300000 NTAMS 0x000000009e300000 space 1024K,   0% used [0x000000009e300000, 0x000000009e400000)
AC   0  F    TS     0 PTAMS 0x000000009e400000 NTAMS 0x000000009e400000 space 1024K,   0% used [0x000000009e400000, 0x000000009e500000)
AC   0  F    TS     0 PTAMS 0x000000009e500000 NTAMS 0x000000009e500000 space 1024K,   0% used [0x000000009e500000, 0x000000009e600000)
AC   0  F    TS     0 PTAMS 0x000000009e600000 NTAMS 0x000000009e600000 space 1024K,   0% used [0x000000009e600000, 0x000000009e700000)
AC   0  F    TS     0 PTAMS 0x000000009e700000 NTAMS 0x000000009e700000 space 1024K,   0% used [0x000000009e700000, 0x000000009e800000)
AC   0  F    TS     0 PTAMS 0x000000009e800000 NTAMS 0x000000009e800000 space 1024K,   0% used [0x000000009e800000, 0x000000009e900000)
AC   0  F    TS     0 PTAMS 0x000000009e900000 NTAMS 0x000000009e900000 space 1024K,   0% used [0x000000009e900000, 0x000000009ea00000)
AC   0  F    TS     0 PTAMS 0x000000009ea00000 NTAMS 0x000000009ea00000 space 1024K,   0% used [0x000000009ea00000, 0x000000009eb00000)
AC   0  F    TS     0 PTAMS 0x000000009eb00000 NTAMS 0x000000009eb00000 space 1024K,   0% used [0x000000009eb00000, 0x000000009ec00000)
AC   0  F    TS     0 PTAMS 0x000000009ec00000 NTAMS 0x000000009ec00000 space 1024K,   0% used [0x000000009ec00000, 0x000000009ed00000)
AC   0  F    TS     0 PTAMS 0x000000009ed00000 NTAMS 0x000000009ed00000 space 1024K,   0% used [0x000000009ed00000, 0x000000009ee00000)
AC   0  F    TS     0 PTAMS 0x000000009ee00000 NTAMS 0x000000009ee00000 space 1024K,   0% used [0x000000009ee00000, 0x000000009ef00000)
AC   0  F    TS     0 PTAMS 0x000000009ef00000 NTAMS 0x000000009ef00000 space 1024K,   0% used [0x000000009ef00000, 0x000000009f000000)
AC   0  F    TS     0 PTAMS 0x000000009f000000 NTAMS 0x000000009f000000 space 1024K,   0% used [0x000000009f000000, 0x000000009f100000)
AC   0  F    TS     0 PTAMS 0x000000009f100000 NTAMS 0x000000009f100000 space 1024K,   0% used [0x000000009f100000, 0x000000009f200000)
AC   0  F    TS     0 PTAMS 0x000000009f200000 NTAMS 0x000000009f200000 space 1024K,   0% used [0x000000009f200000, 0x000000009f300000)
AC   0  F    TS     0 PTAMS 0x000000009f300000 NTAMS 0x000000009f300000 space 1024K,   0% used [0x000000009f300000, 0x000000009f400000)
AC   0  F    TS     0 PTAMS 0x000000009f400000 NTAMS 0x000000009f400000 space 1024K,   0% used [0x000000009f400000, 0x000000009f500000)
AC   0  F    TS     0 PTAMS 0x000000009f500000 NTAMS 0x000000009f500000 space 1024K,   0% used [0x000000009f500000, 0x000000009f600000)
AC   0  F    TS     0 PTAMS 0x000000009f600000 NTAMS 0x000000009f600000 space 1024K,   0% used [0x000000009f600000, 0x000000009f700000)
AC   0  F    TS     0 PTAMS 0x000000009f700000 NTAMS 0x000000009f700000 space 1024K,   0% used [0x000000009f700000, 0x000000009f800000)
AC   0  F    TS     0 PTAMS 0x000000009f800000 NTAMS 0x000000009f800000 space 1024K,   0% used [0x000000009f800000, 0x000000009f900000)
AC   0  F    TS     0 PTAMS 0x000000009f900000 NTAMS 0x000000009f900000 space 1024K,   0% used [0x000000009f900000, 0x000000009fa00000)
AC   0  F    TS     0 PTAMS 0x000000009fa00000 NTAMS 0x000000009fa00000 space 1024K,   0% used [0x000000009fa00000, 0x000000009fb00000)
AC   0  F    TS     0 PTAMS 0x000000009fb00000 NTAMS 0x000000009fb00000 space 1024K,   0% used [0x000000009fb00000, 0x000000009fc00000)
AC   0  F    TS     0 PTAMS 0x000000009fc00000 NTAMS 0x000000009fc00000 space 1024K,   0% used [0x000000009fc00000, 0x000000009fd00000)
AC   0  F    TS     0 PTAMS 0x000000009fd00000 NTAMS 0x000000009fd00000 space 1024K,   0% used [0x000000009fd00000, 0x000000009fe00000)
AC   0  F    TS     0 PTAMS 0x000000009fe00000 NTAMS 0x000000009fe00000 space 1024K,   0% used [0x000000009fe00000, 0x000000009ff00000)
AC   0  F    TS     0 PTAMS 0x000000009ff00000 NTAMS 0x000000009ff00000 space 1024K,   0% used [0x000000009ff00000, 0x00000000a0000000)
AC   0  F    TS     0 PTAMS 0x00000000a0000000 NTAMS 0x00000000a0000000 space 1024K,   0% used [0x00000000a0000000, 0x00000000a0100000)
AC   0  F    TS     0 PTAMS 0x00000000a0100000 NTAMS 0x00000000a0100000 space 1024K,   0% used [0x00000000a0100000, 0x00000000a0200000)
AC   0  F    TS     0 PTAMS 0x00000000a0200000 NTAMS 0x00000000a0200000 space 1024K,   0% used [0x00000000a0200000, 0x00000000a0300000)
AC   0  F    TS     0 PTAMS 0x00000000a0300000 NTAMS 0x00000000a0300000 space 1024K,   0% used [0x00000000a0300000, 0x00000000a0400000)
AC   0  F    TS     0 PTAMS 0x00000000a0400000 NTAMS 0x00000000a0400000 space 1024K,   0% used [0x00000000a0400000, 0x00000000a0500000)
AC   0  F    TS     0 PTAMS 0x00000000a0500000 NTAMS 0x00000000a0500000 space 1024K,   0% used [0x00000000a0500000, 0x00000000a0600000)
AC   0  F    TS     0 PTAMS 0x00000000a0600000 NTAMS 0x00000000a0600000 space 1024K,   0% used [0x00000000a0600000, 0x00000000a0700000)
AC   0  F    TS     0 PTAMS 0x00000000a0700000 NTAMS 0x00000000a0700000 space 1024K,   0% used [0x00000000a0700000, 0x00000000a0800000)
AC   0  F    TS     0 PTAMS 0x00000000a0800000 NTAMS 0x00000000a0800000 space 1024K,   0% used [0x00000000a0800000, 0x00000000a0900000)
AC   0  F    TS     0 PTAMS 0x00000000a0900000 NTAMS 0x00000000a0900000 space 1024K,   0% used [0x00000000a0900000, 0x00000000a0a00000)
AC   0  F    TS     0 PTAMS 0x00000000a0a00000 NTAMS 0x00000000a0a00000 space 1024K,   0% used [0x00000000a0a00000, 0x00000000a0b00000)
AC   0  F    TS     0 PTAMS 0x00000000a0b00000 NTAMS 0x00000000a0b00000 space 1024K,   0% used [0x00000000a0b00000, 0x00000000a0c00000)
AC   0  F    TS     0 PTAMS 0x00000000a0c00000 NTAMS 0x00000000a0c00000 space 1024K,   0% used [0x00000000a0c00000, 0x00000000a0d00000)
AC   0  F    TS     0 PTAMS 0x00000000a0d00000 NTAMS 0x00000000a0d00000 space 1024K,   0% used [0x00000000a0d00000, 0x00000000a0e00000)
AC   0  F    TS     0 PTAMS 0x00000000a0e00000 NTAMS 0x00000000a0e00000 space 1024K,   0% used [0x00000000a0e00000, 0x00000000a0f00000)
AC   0  F    TS     0 PTAMS 0x00000000a0f00000 NTAMS 0x00000000a0f00000 space 1024K,   0% used [0x00000000a0f00000, 0x00000000a1000000)
AC   0  F    TS     0 PTAMS 0x00000000a1000000 NTAMS 0x00000000a1000000 space 1024K,   0% used [0x00000000a1000000, 0x00000000a1100000)
AC   0  F    TS     0 PTAMS 0x00000000a1100000 NTAMS 0x00000000a1100000 space 1024K,   0% used [0x00000000a1100000, 0x00000000a1200000)
AC   0  F    TS     0 PTAMS 0x00000000a1200000 NTAMS 0x00000000a1200000 space 1024K,   0% used [0x00000000a1200000, 0x00000000a1300000)
AC   0  F    TS     0 PTAMS 0x00000000a1300000 NTAMS 0x00000000a1300000 space 1024K,   0% used [0x00000000a1300000, 0x00000000a1400000)
AC   0  F    TS     0 PTAMS 0x00000000a1400000 NTAMS 0x00000000a1400000 space 1024K,   0% used [0x00000000a1400000, 0x00000000a1500000)
AC   0  F    TS     0 PTAMS 0x00000000a1500000 NTAMS 0x00000000a1500000 space 1024K,   0% used [0x00000000a1500000, 0x00000000a1600000)
AC   0  F    TS     0 PTAMS 0x00000000a1600000 NTAMS 0x00000000a1600000 space 1024K,   0% used [0x00000000a1600000, 0x00000000a1700000)
AC   0  F    TS     0 PTAMS 0x00000000a1700000 NTAMS 0x00000000a1700000 space 1024K,   0% used [0x00000000a1700000, 0x00000000a1800000)
AC   0  F    TS     0 PTAMS 0x00000000a1800000 NTAMS 0x00000000a1800000 space 1024K,   0% used [0x00000000a1800000, 0x00000000a1900000)
AC   0  F    TS     0 PTAMS 0x00000000a1900000 NTAMS 0x00000000a1900000 space 1024K,   0% used [0x00000000a1900000, 0x00000000a1a00000)
AC   0  F    TS     0 PTAMS 0x00000000a1a00000 NTAMS 0x00000000a1a00000 space 1024K,   0% used [0x00000000a1a00000, 0x00000000a1b00000)
AC   0  F    TS     0 PTAMS 0x00000000a1b00000 NTAMS 0x00000000a1b00000 space 1024K,   0% used [0x00000000a1b00000, 0x00000000a1c00000)
AC   0  F    TS     0 PTAMS 0x00000000a1c00000 NTAMS 0x00000000a1c00000 space 1024K,   0% used [0x00000000a1c00000, 0x00000000a1d00000)
AC   0  F    TS     0 PTAMS 0x00000000a1d00000 NTAMS 0x00000000a1d00000 space 1024K,   0% used [0x00000000a1d00000, 0x00000000a1e00000)
AC   0  F    TS     0 PTAMS 0x00000000a1e00000 NTAMS 0x00000000a1e00000 space 1024K,   0% used [0x00000000a1e00000, 0x00000000a1f00000)
AC   0  F    TS     0 PTAMS 0x00000000a1f00000 NTAMS 0x00000000a1f00000 space 1024K,   0% used [0x00000000a1f00000, 0x00000000a2000000)
AC   0  F    TS     0 PTAMS 0x00000000a2000000 NTAMS 0x00000000a2000000 space 1024K,   0% used [0x00000000a2000000, 0x00000000a2100000)
AC   0  F    TS     0 PTAMS 0x00000000a2100000 NTAMS 0x00000000a2100000 space 1024K,   0% used [0x00000000a2100000, 0x00000000a2200000)
AC   0  F    TS     0 PTAMS 0x00000000a2200000 NTAMS 0x00000000a2200000 space 1024K,   0% used [0x00000000a2200000, 0x00000000a2300000)
AC   0  F    TS     0 PTAMS 0x00000000a2300000 NTAMS 0x00000000a2300000 space 1024K,   0% used [0x00000000a2300000, 0x00000000a2400000)
AC   0  F    TS     0 PTAMS 0x00000000a2400000 NTAMS 0x00000000a2400000 space 1024K,   0% used [0x00000000a2400000, 0x00000000a2500000)
AC   0  F    TS     0 PTAMS 0x00000000a2500000 NTAMS 0x00000000a2500000 space 1024K,   0% used [0x00000000a2500000, 0x00000000a2600000)
AC   0  F    TS     0 PTAMS 0x00000000a2600000 NTAMS 0x00000000a2600000 space 1024K,   0% used [0x00000000a2600000, 0x00000000a2700000)
AC   0  F    TS     0 PTAMS 0x00000000a2700000 NTAMS 0x00000000a2700000 space 1024K,   0% used [0x00000000a2700000, 0x00000000a2800000)
AC   0  F    TS     0 PTAMS 0x00000000a2800000 NTAMS 0x00000000a2800000 space 1024K,   0% used [0x00000000a2800000, 0x00000000a2900000)
AC   0  F    TS     0 PTAMS 0x00000000a2900000 NTAMS 0x00000000a2900000 space 1024K,   0% used [0x00000000a2900000, 0x00000000a2a00000)
AC   0  F    TS     0 PTAMS 0x00000000a2a00000 NTAMS 0x00000000a2a00000 space 1024K,   0% used [0x00000000a2a00000, 0x00000000a2b00000)
AC   0  F    TS     0 PTAMS 0x00000000a2b00000 NTAMS 0x00000000a2b00000 space 1024K,   0% used [0x00000000a2b00000, 0x00000000a2c00000)
AC   0  F    TS     0 PTAMS 0x00000000a2c00000 NTAMS 0x00000000a2c00000 space 1024K,   0% used [0x00000000a2c00000, 0x00000000a2d00000)
AC   0  F    TS     0 PTAMS 0x00000000a2d00000 NTAMS 0x00000000a2d00000 space 1024K,   0% used [0x00000000a2d00000, 0x00000000a2e00000)
AC   0  F    TS     0 PTAMS 0x00000000a2e00000 NTAMS 0x00000000a2e00000 space 1024K,   0% used [0x00000000a2e00000, 0x00000000a2f00000)
AC   0  F    TS     0 PTAMS 0x00000000a2f00000 NTAMS 0x00000000a2f00000 space 1024K,   0% used [0x00000000a2f00000, 0x00000000a3000000)
AC   0  F    TS     0 PTAMS 0x00000000a3000000 NTAMS 0x00000000a3000000 space 1024K,   0% used [0x00000000a3000000, 0x00000000a3100000)
AC   0  F    TS     0 PTAMS 0x00000000a3100000 NTAMS 0x00000000a3100000 space 1024K,   0% used [0x00000000a3100000, 0x00000000a3200000)
AC   0  F    TS     0 PTAMS 0x00000000a3200000 NTAMS 0x00000000a3200000 space 1024K,   0% used [0x00000000a3200000, 0x00000000a3300000)
AC   0  F    TS     0 PTAMS 0x00000000a3300000 NTAMS 0x00000000a3300000 space 1024K,   0% used [0x00000000a3300000, 0x00000000a3400000)
AC   0  F    TS     0 PTAMS 0x00000000a3400000 NTAMS 0x00000000a3400000 space 1024K,   0% used [0x00000000a3400000, 0x00000000a3500000)
AC   0  F    TS     0 PTAMS 0x00000000a3500000 NTAMS 0x00000000a3500000 space 1024K,   0% used [0x00000000a3500000, 0x00000000a3600000)
AC   0  F    TS     0 PTAMS 0x00000000a3600000 NTAMS 0x00000000a3600000 space 1024K,   0% used [0x00000000a3600000, 0x00000000a3700000)
AC   0  F    TS     0 PTAMS 0x00000000a3700000 NTAMS 0x00000000a3700000 space 1024K,   0% used [0x00000000a3700000, 0x00000000a3800000)
AC   0  F    TS     0 PTAMS 0x00000000a3800000 NTAMS 0x00000000a3800000 space 1024K,   0% used [0x00000000a3800000, 0x00000000a3900000)
AC   0  F    TS     0 PTAMS 0x00000000a3900000 NTAMS 0x00000000a3900000 space 1024K,   0% used [0x00000000a3900000, 0x00000000a3a00000)
AC   0  F    TS     0 PTAMS 0x00000000a3a00000 NTAMS 0x00000000a3a00000 space 1024K,   0% used [0x00000000a3a00000, 0x00000000a3b00000)
AC   0  F    TS     0 PTAMS 0x00000000a3b00000 NTAMS 0x00000000a3b00000 space 1024K,   0% used [0x00000000a3b00000, 0x00000000a3c00000)
AC   0  F    TS     0 PTAMS 0x00000000a3c00000 NTAMS 0x00000000a3c00000 space 1024K,   0% used [0x00000000a3c00000, 0x00000000a3d00000)
AC   0  F    TS     0 PTAMS 0x00000000a3d00000 NTAMS 0x00000000a3d00000 space 1024K,   0% used [0x00000000a3d00000, 0x00000000a3e00000)
AC   0  F    TS     0 PTAMS 0x00000000a3e00000 NTAMS 0x00000000a3e00000 space 1024K,   0% used [0x00000000a3e00000, 0x00000000a3f00000)
AC   0  F    TS     0 PTAMS 0x00000000a3f00000 NTAMS 0x00000000a3f00000 space 1024K,   0% used [0x00000000a3f00000, 0x00000000a4000000)
AC   0  F    TS     0 PTAMS 0x00000000a4000000 NTAMS 0x00000000a4000000 space 1024K,   0% used [0x00000000a4000000, 0x00000000a4100000)
AC   0  F    TS     0 PTAMS 0x00000000a4100000 NTAMS 0x00000000a4100000 space 1024K,   0% used [0x00000000a4100000, 0x00000000a4200000)
AC   0  F    TS     0 PTAMS 0x00000000a4200000 NTAMS 0x00000000a4200000 space 1024K,   0% used [0x00000000a4200000, 0x00000000a4300000)
AC   0  F    TS     0 PTAMS 0x00000000a4300000 NTAMS 0x00000000a4300000 space 1024K,   0% used [0x00000000a4300000, 0x00000000a4400000)
AC   0  F    TS     0 PTAMS 0x00000000a4400000 NTAMS 0x00000000a4400000 space 1024K,   0% used [0x00000000a4400000, 0x00000000a4500000)
AC   0  F    TS     0 PTAMS 0x00000000a4500000 NTAMS 0x00000000a4500000 space 1024K,   0% used [0x00000000a4500000, 0x00000000a4600000)
AC   0  F    TS     0 PTAMS 0x00000000a4600000 NTAMS 0x00000000a4600000 space 1024K,   0% used [0x00000000a4600000, 0x00000000a4700000)
AC   0  F    TS     0 PTAMS 0x00000000a4700000 NTAMS 0x00000000a4700000 space 1024K,   0% used [0x00000000a4700000, 0x00000000a4800000)
AC   0  F    TS     0 PTAMS 0x00000000a4800000 NTAMS 0x00000000a4800000 space 1024K,   0% used [0x00000000a4800000, 0x00000000a4900000)
AC   0  F    TS     0 PTAMS 0x00000000a4900000 NTAMS 0x00000000a4900000 space 1024K,   0% used [0x00000000a4900000, 0x00000000a4a00000)
AC   0  F    TS     0 PTAMS 0x00000000a4a00000 NTAMS 0x00000000a4a00000 space 1024K,   0% used [0x00000000a4a00000, 0x00000000a4b00000)
AC   0  F    TS     0 PTAMS 0x00000000a4b00000 NTAMS 0x00000000a4b00000 space 1024K,   0% used [0x00000000a4b00000, 0x00000000a4c00000)
AC   0  F    TS     0 PTAMS 0x00000000a4c00000 NTAMS 0x00000000a4c00000 space 1024K,   0% used [0x00000000a4c00000, 0x00000000a4d00000)
AC   0  F    TS     0 PTAMS 0x00000000a4d00000 NTAMS 0x00000000a4d00000 space 1024K,   0% used [0x00000000a4d00000, 0x00000000a4e00000)
AC   0  F    TS     0 PTAMS 0x00000000a4e00000 NTAMS 0x00000000a4e00000 space 1024K,   0% used [0x00000000a4e00000, 0x00000000a4f00000)
AC   0  F    TS     0 PTAMS 0x00000000a4f00000 NTAMS 0x00000000a4f00000 space 1024K,   0% used [0x00000000a4f00000, 0x00000000a5000000)
AC   0  F    TS     0 PTAMS 0x00000000a5000000 NTAMS 0x00000000a5000000 space 1024K,   0% used [0x00000000a5000000, 0x00000000a5100000)
AC   0  F    TS     0 PTAMS 0x00000000a5100000 NTAMS 0x00000000a5100000 space 1024K,   0% used [0x00000000a5100000, 0x00000000a5200000)
AC   0  F    TS     0 PTAMS 0x00000000a5200000 NTAMS 0x00000000a5200000 space 1024K,   0% used [0x00000000a5200000, 0x00000000a5300000)
AC   0  F    TS     0 PTAMS 0x00000000a5300000 NTAMS 0x00000000a5300000 space 1024K,   0% used [0x00000000a5300000, 0x00000000a5400000)
AC   0  F    TS     0 PTAMS 0x00000000a5400000 NTAMS 0x00000000a5400000 space 1024K,   0% used [0x00000000a5400000, 0x00000000a5500000)
AC   0  F    TS     0 PTAMS 0x00000000a5500000 NTAMS 0x00000000a5500000 space 1024K,   0% used [0x00000000a5500000, 0x00000000a5600000)
AC   0  F    TS     0 PTAMS 0x00000000a5600000 NTAMS 0x00000000a5600000 space 1024K,   0% used [0x00000000a5600000, 0x00000000a5700000)
AC   0  F    TS     0 PTAMS 0x00000000a5700000 NTAMS 0x00000000a5700000 space 1024K,   0% used [0x00000000a5700000, 0x00000000a5800000)
AC   0  F    TS     0 PTAMS 0x00000000a5800000 NTAMS 0x00000000a5800000 space 1024K,   0% used [0x00000000a5800000, 0x00000000a5900000)
AC   0  F    TS     0 PTAMS 0x00000000a5900000 NTAMS 0x00000000a5900000 space 1024K,   0% used [0x00000000a5900000, 0x00000000a5a00000)
AC   0  F    TS     0 PTAMS 0x00000000a5a00000 NTAMS 0x00000000a5a00000 space 1024K,   0% used [0x00000000a5a00000, 0x00000000a5b00000)
AC   0  F    TS     0 PTAMS 0x00000000a5b00000 NTAMS 0x00000000a5b00000 space 1024K,   0% used [0x00000000a5b00000, 0x00000000a5c00000)
AC   0  F    TS     0 PTAMS 0x00000000a5c00000 NTAMS 0x00000000a5c00000 space 1024K,   0% used [0x00000000a5c00000, 0x00000000a5d00000)
AC   0  F    TS     0 PTAMS 0x00000000a5d00000 NTAMS 0x00000000a5d00000 space 1024K,   0% used [0x00000000a5d00000, 0x00000000a5e00000)
AC   0  F    TS     0 PTAMS 0x00000000a5e00000 NTAMS 0x00000000a5e00000 space 1024K,   0% used [0x00000000a5e00000, 0x00000000a5f00000)
AC   0  F    TS     0 PTAMS 0x00000000a5f00000 NTAMS 0x00000000a5f00000 space 1024K,   0% used [0x00000000a5f00000, 0x00000000a6000000)
AC   0  F    TS     0 PTAMS 0x00000000a6000000 NTAMS 0x00000000a6000000 space 1024K,   0% used [0x00000000a6000000, 0x00000000a6100000)
AC   0  F    TS     0 PTAMS 0x00000000a6100000 NTAMS 0x00000000a6100000 space 1024K,   0% used [0x00000000a6100000, 0x00000000a6200000)
AC   0  F    TS     0 PTAMS 0x00000000a6200000 NTAMS 0x00000000a6200000 space 1024K,   0% used [0x00000000a6200000, 0x00000000a6300000)
AC   0  F    TS     0 PTAMS 0x00000000a6300000 NTAMS 0x00000000a6300000 space 1024K,   0% used [0x00000000a6300000, 0x00000000a6400000)
AC   0  F    TS     0 PTAMS 0x00000000a6400000 NTAMS 0x00000000a6400000 space 1024K,   0% used [0x00000000a6400000, 0x00000000a6500000)
AC   0  F    TS     0 PTAMS 0x00000000a6500000 NTAMS 0x00000000a6500000 space 1024K,   0% used [0x00000000a6500000, 0x00000000a6600000)
AC   0  F    TS     0 PTAMS 0x00000000a6600000 NTAMS 0x00000000a6600000 space 1024K,   0% used [0x00000000a6600000, 0x00000000a6700000)
AC   0  F    TS     0 PTAMS 0x00000000a6700000 NTAMS 0x00000000a6700000 space 1024K,   0% used [0x00000000a6700000, 0x00000000a6800000)
AC   0  F    TS     0 PTAMS 0x00000000a6800000 NTAMS 0x00000000a6800000 space 1024K,   0% used [0x00000000a6800000, 0x00000000a6900000)
AC   0  F    TS     0 PTAMS 0x00000000a6900000 NTAMS 0x00000000a6900000 space 1024K,   0% used [0x00000000a6900000, 0x00000000a6a00000)
AC   0  F    TS     0 PTAMS 0x00000000a6a00000 NTAMS 0x00000000a6a00000 space 1024K,   0% used [0x00000000a6a00000, 0x00000000a6b00000)
AC   0  F    TS     0 PTAMS 0x00000000a6b00000 NTAMS 0x00000000a6b00000 space 1024K,   0% used [0x00000000a6b00000, 0x00000000a6c00000)
AC   0  F    TS     0 PTAMS 0x00000000a6c00000 NTAMS 0x00000000a6c00000 space 1024K,   0% used [0x00000000a6c00000, 0x00000000a6d00000)
AC   0  F    TS     0 PTAMS 0x00000000a6d00000 NTAMS 0x00000000a6d00000 space 1024K,   0% used [0x00000000a6d00000, 0x00000000a6e00000)
AC   0  F    TS     0 PTAMS 0x00000000a6e00000 NTAMS 0x00000000a6e00000 space 1024K,   0% used [0x00000000a6e00000, 0x00000000a6f00000)
AC   0  F    TS     0 PTAMS 0x00000000a6f00000 NTAMS 0x00000000a6f00000 space 1024K,   0% used [0x00000000a6f00000, 0x00000000a7000000)
AC   0  F    TS     0 PTAMS 0x00000000a7000000 NTAMS 0x00000000a7000000 space 1024K,   0% used [0x00000000a7000000, 0x00000000a7100000)
AC   0  F    TS     0 PTAMS 0x00000000a7100000 NTAMS 0x00000000a7100000 space 1024K,   0% used [0x00000000a7100000, 0x00000000a7200000)
AC   0  F    TS     0 PTAMS 0x00000000a7200000 NTAMS 0x00000000a7200000 space 1024K,   0% used [0x00000000a7200000, 0x00000000a7300000)
AC   0  F    TS     0 PTAMS 0x00000000a7300000 NTAMS 0x00000000a7300000 space 1024K,   0% used [0x00000000a7300000, 0x00000000a7400000)
AC   0  F    TS     0 PTAMS 0x00000000a7400000 NTAMS 0x00000000a7400000 space 1024K,   0% used [0x00000000a7400000, 0x00000000a7500000)
AC   0  F    TS     0 PTAMS 0x00000000a7500000 NTAMS 0x00000000a7500000 space 1024K,   0% used [0x00000000a7500000, 0x00000000a7600000)
AC   0  F    TS     0 PTAMS 0x00000000a7600000 NTAMS 0x00000000a7600000 space 1024K,   0% used [0x00000000a7600000, 0x00000000a7700000)
AC   0  F    TS     0 PTAMS 0x00000000a7700000 NTAMS 0x00000000a7700000 space 1024K,   0% used [0x00000000a7700000, 0x00000000a7800000)
AC   0  F    TS     0 PTAMS 0x00000000a7800000 NTAMS 0x00000000a7800000 space 1024K,   0% used [0x00000000a7800000, 0x00000000a7900000)
AC   0  F    TS     0 PTAMS 0x00000000a7900000 NTAMS 0x00000000a7900000 space 1024K,   0% used [0x00000000a7900000, 0x00000000a7a00000)
AC   0  F    TS     0 PTAMS 0x00000000a7a00000 NTAMS 0x00000000a7a00000 space 1024K,   0% used [0x00000000a7a00000, 0x00000000a7b00000)
AC   0  F    TS     0 PTAMS 0x00000000a7b00000 NTAMS 0x00000000a7b00000 space 1024K,   0% used [0x00000000a7b00000, 0x00000000a7c00000)
AC   0  F    TS     0 PTAMS 0x00000000a7c00000 NTAMS 0x00000000a7c00000 space 1024K,   0% used [0x00000000a7c00000, 0x00000000a7d00000)
AC   0  F    TS     0 PTAMS 0x00000000a7d00000 NTAMS 0x00000000a7d00000 space 1024K,   0% used [0x00000000a7d00000, 0x00000000a7e00000)
AC   0  F    TS     0 PTAMS 0x00000000a7e00000 NTAMS 0x00000000a7e00000 space 1024K,   0% used [0x00000000a7e00000, 0x00000000a7f00000)
AC   0  F    TS     0 PTAMS 0x00000000a7f00000 NTAMS 0x00000000a7f00000 space 1024K,   0% used [0x00000000a7f00000, 0x00000000a8000000)
AC   0  F    TS     0 PTAMS 0x00000000a8000000 NTAMS 0x00000000a8000000 space 1024K,   0% used [0x00000000a8000000, 0x00000000a8100000)
AC   0  F    TS     0 PTAMS 0x00000000a8100000 NTAMS 0x00000000a8100000 space 1024K,   0% used [0x00000000a8100000, 0x00000000a8200000)
AC   0  F    TS     0 PTAMS 0x00000000a8200000 NTAMS 0x00000000a8200000 space 1024K,   0% used [0x00000000a8200000, 0x00000000a8300000)
AC   0  F    TS     0 PTAMS 0x00000000a8300000 NTAMS 0x00000000a8300000 space 1024K,   0% used [0x00000000a8300000, 0x00000000a8400000)
AC   0  F    TS     0 PTAMS 0x00000000a8400000 NTAMS 0x00000000a8400000 space 1024K,   0% used [0x00000000a8400000, 0x00000000a8500000)
AC   0  F    TS     0 PTAMS 0x00000000a8500000 NTAMS 0x00000000a8500000 space 1024K,   0% used [0x00000000a8500000, 0x00000000a8600000)
AC   0  F    TS     0 PTAMS 0x00000000a8600000 NTAMS 0x00000000a8600000 space 1024K,   0% used [0x00000000a8600000, 0x00000000a8700000)
AC   0  F    TS     0 PTAMS 0x00000000a8700000 NTAMS 0x00000000a8700000 space 1024K,   0% used [0x00000000a8700000, 0x00000000a8800000)
AC   0  F    TS     0 PTAMS 0x00000000a8800000 NTAMS 0x00000000a8800000 space 1024K,   0% used [0x00000000a8800000, 0x00000000a8900000)
AC   0  F    TS     0 PTAMS 0x00000000a8900000 NTAMS 0x00000000a8900000 space 1024K,   0% used [0x00000000a8900000, 0x00000000a8a00000)
AC   0  F    TS     0 PTAMS 0x00000000a8a00000 NTAMS 0x00000000a8a00000 space 1024K,   0% used [0x00000000a8a00000, 0x00000000a8b00000)
AC   0  F    TS     0 PTAMS 0x00000000a8b00000 NTAMS 0x00000000a8b00000 space 1024K,   0% used [0x00000000a8b00000, 0x00000000a8c00000)
AC   0  F    TS     0 PTAMS 0x00000000a8c00000 NTAMS 0x00000000a8c00000 space 1024K,   0% used [0x00000000a8c00000, 0x00000000a8d00000)
AC   0  F    TS     0 PTAMS 0x00000000a8d00000 NTAMS 0x00000000a8d00000 space 1024K,   0% used [0x00000000a8d00000, 0x00000000a8e00000)
AC   0  F    TS     0 PTAMS 0x00000000a8e00000 NTAMS 0x00000000a8e00000 space 1024K,   0% used [0x00000000a8e00000, 0x00000000a8f00000)
AC   0  F    TS     0 PTAMS 0x00000000a8f00000 NTAMS 0x00000000a8f00000 space 1024K,   0% used [0x00000000a8f00000, 0x00000000a9000000)
AC   0  F    TS     0 PTAMS 0x00000000a9000000 NTAMS 0x00000000a9000000 space 1024K,   0% used [0x00000000a9000000, 0x00000000a9100000)
AC   0  F    TS     0 PTAMS 0x00000000a9100000 NTAMS 0x00000000a9100000 space 1024K,   0% used [0x00000000a9100000, 0x00000000a9200000)
AC   0  F    TS     0 PTAMS 0x00000000a9200000 NTAMS 0x00000000a9200000 space 1024K,   0% used [0x00000000a9200000, 0x00000000a9300000)
AC   0  F    TS     0 PTAMS 0x00000000a9300000 NTAMS 0x00000000a9300000 space 1024K,   0% used [0x00000000a9300000, 0x00000000a9400000)
AC   0  F    TS     0 PTAMS 0x00000000a9400000 NTAMS 0x00000000a9400000 space 1024K,   0% used [0x00000000a9400000, 0x00000000a9500000)
AC   0  F    TS     0 PTAMS 0x00000000a9500000 NTAMS 0x00000000a9500000 space 1024K,   0% used [0x00000000a9500000, 0x00000000a9600000)
AC   0  F    TS     0 PTAMS 0x00000000a9600000 NTAMS 0x00000000a9600000 space 1024K,   0% used [0x00000000a9600000, 0x00000000a9700000)
AC   0  F    TS     0 PTAMS 0x00000000a9700000 NTAMS 0x00000000a9700000 space 1024K,   0% used [0x00000000a9700000, 0x00000000a9800000)
AC   0  F    TS     0 PTAMS 0x00000000a9800000 NTAMS 0x00000000a9800000 space 1024K,   0% used [0x00000000a9800000, 0x00000000a9900000)
AC   0  F    TS     0 PTAMS 0x00000000a9900000 NTAMS 0x00000000a9900000 space 1024K,   0% used [0x00000000a9900000, 0x00000000a9a00000)
AC   0  F    TS     0 PTAMS 0x00000000a9a00000 NTAMS 0x00000000a9a00000 space 1024K,   0% used [0x00000000a9a00000, 0x00000000a9b00000)
AC   0  F    TS     0 PTAMS 0x00000000a9b00000 NTAMS 0x00000000a9b00000 space 1024K,   0% used [0x00000000a9b00000, 0x00000000a9c00000)
AC   0  F    TS     0 PTAMS 0x00000000a9c00000 NTAMS 0x00000000a9c00000 space 1024K,   0% used [0x00000000a9c00000, 0x00000000a9d00000)
AC   0  F    TS     0 PTAMS 0x00000000a9d00000 NTAMS 0x00000000a9d00000 space 1024K,   0% used [0x00000000a9d00000, 0x00000000a9e00000)
AC   0  F    TS     0 PTAMS 0x00000000a9e00000 NTAMS 0x00000000a9e00000 space 1024K,   0% used [0x00000000a9e00000, 0x00000000a9f00000)
AC   0  F    TS     0 PTAMS 0x00000000a9f00000 NTAMS 0x00000000a9f00000 space 1024K,   0% used [0x00000000a9f00000, 0x00000000aa000000)
AC   0  F    TS     0 PTAMS 0x00000000aa000000 NTAMS 0x00000000aa000000 space 1024K,   0% used [0x00000000aa000000, 0x00000000aa100000)
AC   0  F    TS     0 PTAMS 0x00000000aa100000 NTAMS 0x00000000aa100000 space 1024K,   0% used [0x00000000aa100000, 0x00000000aa200000)
AC   0  F    TS     0 PTAMS 0x00000000aa200000 NTAMS 0x00000000aa200000 space 1024K,   0% used [0x00000000aa200000, 0x00000000aa300000)
AC   0  F    TS     0 PTAMS 0x00000000aa300000 NTAMS 0x00000000aa300000 space 1024K,   0% used [0x00000000aa300000, 0x00000000aa400000)
AC   0  F    TS     0 PTAMS 0x00000000aa400000 NTAMS 0x00000000aa400000 space 1024K,   0% used [0x00000000aa400000, 0x00000000aa500000)
AC   0  F    TS     0 PTAMS 0x00000000aa500000 NTAMS 0x00000000aa500000 space 1024K,   0% used [0x00000000aa500000, 0x00000000aa600000)
AC   0  F    TS     0 PTAMS 0x00000000aa600000 NTAMS 0x00000000aa600000 space 1024K,   0% used [0x00000000aa600000, 0x00000000aa700000)
AC   0  F    TS     0 PTAMS 0x00000000aa700000 NTAMS 0x00000000aa700000 space 1024K,   0% used [0x00000000aa700000, 0x00000000aa800000)
AC   0  F    TS     0 PTAMS 0x00000000aa800000 NTAMS 0x00000000aa800000 space 1024K,   0% used [0x00000000aa800000, 0x00000000aa900000)
AC   0  F    TS     0 PTAMS 0x00000000aa900000 NTAMS 0x00000000aa900000 space 1024K,   0% used [0x00000000aa900000, 0x00000000aaa00000)
AC   0  F    TS     0 PTAMS 0x00000000aaa00000 NTAMS 0x00000000aaa00000 space 1024K,   0% used [0x00000000aaa00000, 0x00000000aab00000)
AC   0  F    TS     0 PTAMS 0x00000000aab00000 NTAMS 0x00000000aab00000 space 1024K,   0% used [0x00000000aab00000, 0x00000000aac00000)
AC   0  F    TS     0 PTAMS 0x00000000aac00000 NTAMS 0x00000000aac00000 space 1024K,   0% used [0x00000000aac00000, 0x00000000aad00000)
AC   0  F    TS     0 PTAMS 0x00000000aad00000 NTAMS 0x00000000aad00000 space 1024K,   0% used [0x00000000aad00000, 0x00000000aae00000)
AC   0  F    TS     0 PTAMS 0x00000000aae00000 NTAMS 0x00000000aae00000 space 1024K,   0% used [0x00000000aae00000, 0x00000000aaf00000)
AC   0  F    TS     0 PTAMS 0x00000000aaf00000 NTAMS 0x00000000aaf00000 space 1024K,   0% used [0x00000000aaf00000, 0x00000000ab000000)
AC   0  F    TS     0 PTAMS 0x00000000ab000000 NTAMS 0x00000000ab000000 space 1024K,   0% used [0x00000000ab000000, 0x00000000ab100000)
AC   0  F    TS     0 PTAMS 0x00000000ab100000 NTAMS 0x00000000ab100000 space 1024K,   0% used [0x00000000ab100000, 0x00000000ab200000)
AC   0  F    TS     0 PTAMS 0x00000000ab200000 NTAMS 0x00000000ab200000 space 1024K,   0% used [0x00000000ab200000, 0x00000000ab300000)
AC   0  F    TS     0 PTAMS 0x00000000ab300000 NTAMS 0x00000000ab300000 space 1024K,   0% used [0x00000000ab300000, 0x00000000ab400000)
AC   0  F    TS     0 PTAMS 0x00000000ab400000 NTAMS 0x00000000ab400000 space 1024K,   0% used [0x00000000ab400000, 0x00000000ab500000)
AC   0  F    TS     0 PTAMS 0x00000000ab500000 NTAMS 0x00000000ab500000 space 1024K,   0% used [0x00000000ab500000, 0x00000000ab600000)
AC   0  F    TS     0 PTAMS 0x00000000ab600000 NTAMS 0x00000000ab600000 space 1024K,   0% used [0x00000000ab600000, 0x00000000ab700000)
AC   0  F    TS     0 PTAMS 0x00000000ab700000 NTAMS 0x00000000ab700000 space 1024K,   0% used [0x00000000ab700000, 0x00000000ab800000)
AC   0  F    TS     0 PTAMS 0x00000000ab800000 NTAMS 0x00000000ab800000 space 1024K,   0% used [0x00000000ab800000, 0x00000000ab900000)
AC   0  F    TS     0 PTAMS 0x00000000ab900000 NTAMS 0x00000000ab900000 space 1024K,   0% used [0x00000000ab900000, 0x00000000aba00000)
AC   0  F    TS     0 PTAMS 0x00000000aba00000 NTAMS 0x00000000aba00000 space 1024K,   0% used [0x00000000aba00000, 0x00000000abb00000)
AC   0  F    TS     0 PTAMS 0x00000000abb00000 NTAMS 0x00000000abb00000 space 1024K,   0% used [0x00000000abb00000, 0x00000000abc00000)
AC   0  F    TS     0 PTAMS 0x00000000abc00000 NTAMS 0x00000000abc00000 space 1024K,   0% used [0x00000000abc00000, 0x00000000abd00000)
AC   0  F    TS     0 PTAMS 0x00000000abd00000 NTAMS 0x00000000abd00000 space 1024K,   0% used [0x00000000abd00000, 0x00000000abe00000)
AC   0  F    TS     0 PTAMS 0x00000000abe00000 NTAMS 0x00000000abe00000 space 1024K,   0% used [0x00000000abe00000, 0x00000000abf00000)
AC   0  F    TS     0 PTAMS 0x00000000abf00000 NTAMS 0x00000000abf00000 space 1024K,   0% used [0x00000000abf00000, 0x00000000ac000000)
AC   0  F    TS     0 PTAMS 0x00000000ac000000 NTAMS 0x00000000ac000000 space 1024K,   0% used [0x00000000ac000000, 0x00000000ac100000)
AC   0  F    TS     0 PTAMS 0x00000000ac100000 NTAMS 0x00000000ac100000 space 1024K,   0% used [0x00000000ac100000, 0x00000000ac200000)
AC   0  F    TS     0 PTAMS 0x00000000ac200000 NTAMS 0x00000000ac200000 space 1024K,   0% used [0x00000000ac200000, 0x00000000ac300000)
AC   0  F    TS     0 PTAMS 0x00000000ac300000 NTAMS 0x00000000ac300000 space 1024K,   0% used [0x00000000ac300000, 0x00000000ac400000)
AC   0  F    TS     0 PTAMS 0x00000000ac400000 NTAMS 0x00000000ac400000 space 1024K,   0% used [0x00000000ac400000, 0x00000000ac500000)
AC   0  F    TS     0 PTAMS 0x00000000ac500000 NTAMS 0x00000000ac500000 space 1024K,   0% used [0x00000000ac500000, 0x00000000ac600000)
AC   0  F    TS     0 PTAMS 0x00000000ac600000 NTAMS 0x00000000ac600000 space 1024K,   0% used [0x00000000ac600000, 0x00000000ac700000)
AC   0  F    TS     0 PTAMS 0x00000000ac700000 NTAMS 0x00000000ac700000 space 1024K,   0% used [0x00000000ac700000, 0x00000000ac800000)
AC   0  F    TS     0 PTAMS 0x00000000ac800000 NTAMS 0x00000000ac800000 space 1024K,   0% used [0x00000000ac800000, 0x00000000ac900000)
AC   0  F    TS     0 PTAMS 0x00000000ac900000 NTAMS 0x00000000ac900000 space 1024K,   0% used [0x00000000ac900000, 0x00000000aca00000)
AC   0  F    TS     0 PTAMS 0x00000000aca00000 NTAMS 0x00000000aca00000 space 1024K,   0% used [0x00000000aca00000, 0x00000000acb00000)
AC   0  F    TS     0 PTAMS 0x00000000acb00000 NTAMS 0x00000000acb00000 space 1024K,   0% used [0x00000000acb00000, 0x00000000acc00000)
AC   0  F    TS     0 PTAMS 0x00000000acc00000 NTAMS 0x00000000acc00000 space 1024K,   0% used [0x00000000acc00000, 0x00000000acd00000)
AC   0  F    TS     0 PTAMS 0x00000000acd00000 NTAMS 0x00000000acd00000 space 1024K,   0% used [0x00000000acd00000, 0x00000000ace00000)
AC   0  F    TS     0 PTAMS 0x00000000ace00000 NTAMS 0x00000000ace00000 space 1024K,   0% used [0x00000000ace00000, 0x00000000acf00000)
AC   0  F    TS     0 PTAMS 0x00000000acf00000 NTAMS 0x00000000acf00000 space 1024K,   0% used [0x00000000acf00000, 0x00000000ad000000)
AC   0  F    TS     0 PTAMS 0x00000000ad000000 NTAMS 0x00000000ad000000 space 1024K,   0% used [0x00000000ad000000, 0x00000000ad100000)
AC   0  F    TS     0 PTAMS 0x00000000ad100000 NTAMS 0x00000000ad100000 space 1024K,   0% used [0x00000000ad100000, 0x00000000ad200000)
AC   0  F    TS     0 PTAMS 0x00000000ad200000 NTAMS 0x00000000ad200000 space 1024K,   0% used [0x00000000ad200000, 0x00000000ad300000)
AC   0  F    TS     0 PTAMS 0x00000000ad300000 NTAMS 0x00000000ad300000 space 1024K,   0% used [0x00000000ad300000, 0x00000000ad400000)
AC   0  F    TS     0 PTAMS 0x00000000ad400000 NTAMS 0x00000000ad400000 space 1024K,   0% used [0x00000000ad400000, 0x00000000ad500000)
AC   0  F    TS     0 PTAMS 0x00000000ad500000 NTAMS 0x00000000ad500000 space 1024K,   0% used [0x00000000ad500000, 0x00000000ad600000)
AC   0  F    TS     0 PTAMS 0x00000000ad600000 NTAMS 0x00000000ad600000 space 1024K,   0% used [0x00000000ad600000, 0x00000000ad700000)
AC   0  F    TS     0 PTAMS 0x00000000ad700000 NTAMS 0x00000000ad700000 space 1024K,   0% used [0x00000000ad700000, 0x00000000ad800000)
AC   0  F    TS     0 PTAMS 0x00000000ad800000 NTAMS 0x00000000ad800000 space 1024K,   0% used [0x00000000ad800000, 0x00000000ad900000)
AC   0  F    TS     0 PTAMS 0x00000000ad900000 NTAMS 0x00000000ad900000 space 1024K,   0% used [0x00000000ad900000, 0x00000000ada00000)
AC   0  F    TS     0 PTAMS 0x00000000ada00000 NTAMS 0x00000000ada00000 space 1024K,   0% used [0x00000000ada00000, 0x00000000adb00000)
AC   0  F    TS     0 PTAMS 0x00000000adb00000 NTAMS 0x00000000adb00000 space 1024K,   0% used [0x00000000adb00000, 0x00000000adc00000)
AC   0  F    TS     0 PTAMS 0x00000000adc00000 NTAMS 0x00000000adc00000 space 1024K,   0% used [0x00000000adc00000, 0x00000000add00000)
AC   0  F    TS     0 PTAMS 0x00000000add00000 NTAMS 0x00000000add00000 space 1024K,   0% used [0x00000000add00000, 0x00000000ade00000)
AC   0  F    TS     0 PTAMS 0x00000000ade00000 NTAMS 0x00000000ade00000 space 1024K,   0% used [0x00000000ade00000, 0x00000000adf00000)
AC   0  F    TS     0 PTAMS 0x00000000adf00000 NTAMS 0x00000000adf00000 space 1024K,   0% used [0x00000000adf00000, 0x00000000ae000000)
AC   0  F    TS     0 PTAMS 0x00000000ae000000 NTAMS 0x00000000ae000000 space 1024K,   0% used [0x00000000ae000000, 0x00000000ae100000)
AC   0  F    TS     0 PTAMS 0x00000000ae100000 NTAMS 0x00000000ae100000 space 1024K,   0% used [0x00000000ae100000, 0x00000000ae200000)
AC   0  F    TS     0 PTAMS 0x00000000ae200000 NTAMS 0x00000000ae200000 space 1024K,   0% used [0x00000000ae200000, 0x00000000ae300000)
AC   0  F    TS     0 PTAMS 0x00000000ae300000 NTAMS 0x00000000ae300000 space 1024K,   0% used [0x00000000ae300000, 0x00000000ae400000)
AC   0  F    TS     0 PTAMS 0x00000000ae400000 NTAMS 0x00000000ae400000 space 1024K,   0% used [0x00000000ae400000, 0x00000000ae500000)
AC   0  F    TS     0 PTAMS 0x00000000ae500000 NTAMS 0x00000000ae500000 space 1024K,   0% used [0x00000000ae500000, 0x00000000ae600000)
AC   0  F    TS     0 PTAMS 0x00000000ae600000 NTAMS 0x00000000ae600000 space 1024K,   0% used [0x00000000ae600000, 0x00000000ae700000)
AC   0  F    TS     0 PTAMS 0x00000000ae700000 NTAMS 0x00000000ae700000 space 1024K,   0% used [0x00000000ae700000, 0x00000000ae800000)
AC   0  F    TS     0 PTAMS 0x00000000ae800000 NTAMS 0x00000000ae800000 space 1024K,   0% used [0x00000000ae800000, 0x00000000ae900000)
AC   0  F    TS     0 PTAMS 0x00000000ae900000 NTAMS 0x00000000ae900000 space 1024K,   0% used [0x00000000ae900000, 0x00000000aea00000)
AC   0  F    TS     0 PTAMS 0x00000000aea00000 NTAMS 0x00000000aea00000 space 1024K,   0% used [0x00000000aea00000, 0x00000000aeb00000)
AC   0  F    TS     0 PTAMS 0x00000000aeb00000 NTAMS 0x00000000aeb00000 space 1024K,   0% used [0x00000000aeb00000, 0x00000000aec00000)
AC   0  F    TS     0 PTAMS 0x00000000aec00000 NTAMS 0x00000000aec00000 space 1024K,   0% used [0x00000000aec00000, 0x00000000aed00000)
AC   0  F    TS     0 PTAMS 0x00000000aed00000 NTAMS 0x00000000aed00000 space 1024K,   0% used [0x00000000aed00000, 0x00000000aee00000)
AC   0  F    TS     0 PTAMS 0x00000000aee00000 NTAMS 0x00000000aee00000 space 1024K,   0% used [0x00000000aee00000, 0x00000000aef00000)
AC   0  F    TS     0 PTAMS 0x00000000aef00000 NTAMS 0x00000000aef00000 space 1024K,   0% used [0x00000000aef00000, 0x00000000af000000)
AC   0  F    TS     0 PTAMS 0x00000000af000000 NTAMS 0x00000000af000000 space 1024K,   0% used [0x00000000af000000, 0x00000000af100000)
AC   0  F    TS     0 PTAMS 0x00000000af100000 NTAMS 0x00000000af100000 space 1024K,   0% used [0x00000000af100000, 0x00000000af200000)
AC   0  F    TS     0 PTAMS 0x00000000af200000 NTAMS 0x00000000af200000 space 1024K,   0% used [0x00000000af200000, 0x00000000af300000)
AC   0  F    TS     0 PTAMS 0x00000000af300000 NTAMS 0x00000000af300000 space 1024K,   0% used [0x00000000af300000, 0x00000000af400000)
AC   0  F    TS     0 PTAMS 0x00000000af400000 NTAMS 0x00000000af400000 space 1024K,   0% used [0x00000000af400000, 0x00000000af500000)
AC   0  F    TS     0 PTAMS 0x00000000af500000 NTAMS 0x00000000af500000 space 1024K,   0% used [0x00000000af500000, 0x00000000af600000)
AC   0  F    TS     0 PTAMS 0x00000000af600000 NTAMS 0x00000000af600000 space 1024K,   0% used [0x00000000af600000, 0x00000000af700000)
AC   0  F    TS     0 PTAMS 0x00000000af700000 NTAMS 0x00000000af700000 space 1024K,   0% used [0x00000000af700000, 0x00000000af800000)
AC   0  F    TS     0 PTAMS 0x00000000af800000 NTAMS 0x00000000af800000 space 1024K,   0% used [0x00000000af800000, 0x00000000af900000)
AC   0  F    TS     0 PTAMS 0x00000000af900000 NTAMS 0x00000000af900000 space 1024K,   0% used [0x00000000af900000, 0x00000000afa00000)
AC   0  F    TS     0 PTAMS 0x00000000afa00000 NTAMS 0x00000000afa00000 space 1024K,   0% used [0x00000000afa00000, 0x00000000afb00000)
AC   0  F    TS     0 PTAMS 0x00000000afb00000 NTAMS 0x00000000afb00000 space 1024K,   0% used [0x00000000afb00000, 0x00000000afc00000)
AC   0  F    TS     0 PTAMS 0x00000000afc00000 NTAMS 0x00000000afc00000 space 1024K,   0% used [0x00000000afc00000, 0x00000000afd00000)
AC   0  F    TS     0 PTAMS 0x00000000afd00000 NTAMS 0x00000000afd00000 space 1024K,   0% used [0x00000000afd00000, 0x00000000afe00000)
AC   0  F    TS     0 PTAMS 0x00000000afe00000 NTAMS 0x00000000afe00000 space 1024K,   0% used [0x00000000afe00000, 0x00000000aff00000)
AC   0  F    TS     0 PTAMS 0x00000000aff00000 NTAMS 0x00000000aff00000 space 1024K,   0% used [0x00000000aff00000, 0x00000000b0000000)
AC   0  F    TS     0 PTAMS 0x00000000b0000000 NTAMS 0x00000000b0000000 space 1024K,   0% used [0x00000000b0000000, 0x00000000b0100000)
AC   0  F    TS     0 PTAMS 0x00000000b0100000 NTAMS 0x00000000b0100000 space 1024K,   0% used [0x00000000b0100000, 0x00000000b0200000)
AC   0  F    TS     0 PTAMS 0x00000000b0200000 NTAMS 0x00000000b0200000 space 1024K,   0% used [0x00000000b0200000, 0x00000000b0300000)
AC   0  F    TS     0 PTAMS 0x00000000b0300000 NTAMS 0x00000000b0300000 space 1024K,   0% used [0x00000000b0300000, 0x00000000b0400000)
AC   0  F    TS     0 PTAMS 0x00000000b0400000 NTAMS 0x00000000b0400000 space 1024K,   0% used [0x00000000b0400000, 0x00000000b0500000)
AC   0  F    TS     0 PTAMS 0x00000000b0500000 NTAMS 0x00000000b0500000 space 1024K,   0% used [0x00000000b0500000, 0x00000000b0600000)
AC   0  F    TS     0 PTAMS 0x00000000b0600000 NTAMS 0x00000000b0600000 space 1024K,   0% used [0x00000000b0600000, 0x00000000b0700000)
AC   0  F    TS     0 PTAMS 0x00000000b0700000 NTAMS 0x00000000b0700000 space 1024K,   0% used [0x00000000b0700000, 0x00000000b0800000)
AC   0  F    TS     0 PTAMS 0x00000000b0800000 NTAMS 0x00000000b0800000 space 1024K,   0% used [0x00000000b0800000, 0x00000000b0900000)
AC   0  F    TS     0 PTAMS 0x00000000b0900000 NTAMS 0x00000000b0900000 space 1024K,   0% used [0x00000000b0900000, 0x00000000b0a00000)
AC   0  F    TS     0 PTAMS 0x00000000b0a00000 NTAMS 0x00000000b0a00000 space 1024K,   0% used [0x00000000b0a00000, 0x00000000b0b00000)
AC   0  F    TS     0 PTAMS 0x00000000b0b00000 NTAMS 0x00000000b0b00000 space 1024K,   0% used [0x00000000b0b00000, 0x00000000b0c00000)
AC   0  F    TS     0 PTAMS 0x00000000b0c00000 NTAMS 0x00000000b0c00000 space 1024K,   0% used [0x00000000b0c00000, 0x00000000b0d00000)
AC   0  F    TS     0 PTAMS 0x00000000b0d00000 NTAMS 0x00000000b0d00000 space 1024K,   0% used [0x00000000b0d00000, 0x00000000b0e00000)
AC   0  F    TS     0 PTAMS 0x00000000b0e00000 NTAMS 0x00000000b0e00000 space 1024K,   0% used [0x00000000b0e00000, 0x00000000b0f00000)
AC   0  F    TS     0 PTAMS 0x00000000b0f00000 NTAMS 0x00000000b0f00000 space 1024K,   0% used [0x00000000b0f00000, 0x00000000b1000000)
AC   0  F    TS     0 PTAMS 0x00000000b1000000 NTAMS 0x00000000b1000000 space 1024K,   0% used [0x00000000b1000000, 0x00000000b1100000)
AC   0  F    TS     0 PTAMS 0x00000000b1100000 NTAMS 0x00000000b1100000 space 1024K,   0% used [0x00000000b1100000, 0x00000000b1200000)
AC   0  F    TS     0 PTAMS 0x00000000b1200000 NTAMS 0x00000000b1200000 space 1024K,   0% used [0x00000000b1200000, 0x00000000b1300000)
AC   0  F    TS     0 PTAMS 0x00000000b1300000 NTAMS 0x00000000b1300000 space 1024K,   0% used [0x00000000b1300000, 0x00000000b1400000)
AC   0  F    TS     0 PTAMS 0x00000000b1400000 NTAMS 0x00000000b1400000 space 1024K,   0% used [0x00000000b1400000, 0x00000000b1500000)
AC   0  F    TS     0 PTAMS 0x00000000b1500000 NTAMS 0x00000000b1500000 space 1024K,   0% used [0x00000000b1500000, 0x00000000b1600000)
AC   0  F    TS     0 PTAMS 0x00000000b1600000 NTAMS 0x00000000b1600000 space 1024K,   0% used [0x00000000b1600000, 0x00000000b1700000)
AC   0  F    TS     0 PTAMS 0x00000000b1700000 NTAMS 0x00000000b1700000 space 1024K,   0% used [0x00000000b1700000, 0x00000000b1800000)
AC   0  F    TS     0 PTAMS 0x00000000b1800000 NTAMS 0x00000000b1800000 space 1024K,   0% used [0x00000000b1800000, 0x00000000b1900000)
AC   0  F    TS     0 PTAMS 0x00000000b1900000 NTAMS 0x00000000b1900000 space 1024K,   0% used [0x00000000b1900000, 0x00000000b1a00000)
AC   0  F    TS     0 PTAMS 0x00000000b1a00000 NTAMS 0x00000000b1a00000 space 1024K,   0% used [0x00000000b1a00000, 0x00000000b1b00000)
AC   0  F    TS     0 PTAMS 0x00000000b1b00000 NTAMS 0x00000000b1b00000 space 1024K,   0% used [0x00000000b1b00000, 0x00000000b1c00000)
AC   0  F    TS     0 PTAMS 0x00000000b1c00000 NTAMS 0x00000000b1c00000 space 1024K,   0% used [0x00000000b1c00000, 0x00000000b1d00000)
AC   0  F    TS     0 PTAMS 0x00000000b1d00000 NTAMS 0x00000000b1d00000 space 1024K,   0% used [0x00000000b1d00000, 0x00000000b1e00000)
AC   0  F    TS     0 PTAMS 0x00000000b1e00000 NTAMS 0x00000000b1e00000 space 1024K,   0% used [0x00000000b1e00000, 0x00000000b1f00000)
AC   0  F    TS     0 PTAMS 0x00000000b1f00000 NTAMS 0x00000000b1f00000 space 1024K,   0% used [0x00000000b1f00000, 0x00000000b2000000)
AC   0  F    TS     0 PTAMS 0x00000000b2000000 NTAMS 0x00000000b2000000 space 1024K,   0% used [0x00000000b2000000, 0x00000000b2100000)
AC   0  F    TS     0 PTAMS 0x00000000b2100000 NTAMS 0x00000000b2100000 space 1024K,   0% used [0x00000000b2100000, 0x00000000b2200000)
AC   0  F    TS     0 PTAMS 0x00000000b2200000 NTAMS 0x00000000b2200000 space 1024K,   0% used [0x00000000b2200000, 0x00000000b2300000)
AC   0  F    TS     0 PTAMS 0x00000000b2300000 NTAMS 0x00000000b2300000 space 1024K,   0% used [0x00000000b2300000, 0x00000000b2400000)
AC   0  F    TS     0 PTAMS 0x00000000b2400000 NTAMS 0x00000000b2400000 space 1024K,   0% used [0x00000000b2400000, 0x00000000b2500000)
AC   0  F    TS     0 PTAMS 0x00000000b2500000 NTAMS 0x00000000b2500000 space 1024K,   0% used [0x00000000b2500000, 0x00000000b2600000)
AC   0  F    TS     0 PTAMS 0x00000000b2600000 NTAMS 0x00000000b2600000 space 1024K,   0% used [0x00000000b2600000, 0x00000000b2700000)
AC   0  F    TS     0 PTAMS 0x00000000b2700000 NTAMS 0x00000000b2700000 space 1024K,   0% used [0x00000000b2700000, 0x00000000b2800000)
AC   0  F    TS     0 PTAMS 0x00000000b2800000 NTAMS 0x00000000b2800000 space 1024K,   0% used [0x00000000b2800000, 0x00000000b2900000)
AC   0  F    TS     0 PTAMS 0x00000000b2900000 NTAMS 0x00000000b2900000 space 1024K,   0% used [0x00000000b2900000, 0x00000000b2a00000)
AC   0  F    TS     0 PTAMS 0x00000000b2a00000 NTAMS 0x00000000b2a00000 space 1024K,   0% used [0x00000000b2a00000, 0x00000000b2b00000)
AC   0  F    TS     0 PTAMS 0x00000000b2b00000 NTAMS 0x00000000b2b00000 space 1024K,   0% used [0x00000000b2b00000, 0x00000000b2c00000)
AC   0  F    TS     0 PTAMS 0x00000000b2c00000 NTAMS 0x00000000b2c00000 space 1024K,   0% used [0x00000000b2c00000, 0x00000000b2d00000)
AC   0  F    TS     0 PTAMS 0x00000000b2d00000 NTAMS 0x00000000b2d00000 space 1024K,   0% used [0x00000000b2d00000, 0x00000000b2e00000)
AC   0  F    TS     0 PTAMS 0x00000000b2e00000 NTAMS 0x00000000b2e00000 space 1024K,   0% used [0x00000000b2e00000, 0x00000000b2f00000)
AC   0  F    TS     0 PTAMS 0x00000000b2f00000 NTAMS 0x00000000b2f00000 space 1024K,   0% used [0x00000000b2f00000, 0x00000000b3000000)
AC   0  F    TS     0 PTAMS 0x00000000b3000000 NTAMS 0x00000000b3000000 space 1024K,   0% used [0x00000000b3000000, 0x00000000b3100000)
AC   0  F    TS     0 PTAMS 0x00000000b3100000 NTAMS 0x00000000b3100000 space 1024K,   0% used [0x00000000b3100000, 0x00000000b3200000)
AC   0  F    TS     0 PTAMS 0x00000000b3200000 NTAMS 0x00000000b3200000 space 1024K,   0% used [0x00000000b3200000, 0x00000000b3300000)
AC   0  F    TS     0 PTAMS 0x00000000b3300000 NTAMS 0x00000000b3300000 space 1024K,   0% used [0x00000000b3300000, 0x00000000b3400000)
AC   0  F    TS     0 PTAMS 0x00000000b3400000 NTAMS 0x00000000b3400000 space 1024K,   0% used [0x00000000b3400000, 0x00000000b3500000)
AC   0  F    TS     0 PTAMS 0x00000000b3500000 NTAMS 0x00000000b3500000 space 1024K,   0% used [0x00000000b3500000, 0x00000000b3600000)
AC   0  F    TS     0 PTAMS 0x00000000b3600000 NTAMS 0x00000000b3600000 space 1024K,   0% used [0x00000000b3600000, 0x00000000b3700000)
AC   0  F    TS     0 PTAMS 0x00000000b3700000 NTAMS 0x00000000b3700000 space 1024K,   0% used [0x00000000b3700000, 0x00000000b3800000)
AC   0  F    TS     0 PTAMS 0x00000000b3800000 NTAMS 0x00000000b3800000 space 1024K,   0% used [0x00000000b3800000, 0x00000000b3900000)
AC   0  F    TS     0 PTAMS 0x00000000b3900000 NTAMS 0x00000000b3900000 space 1024K,   0% used [0x00000000b3900000, 0x00000000b3a00000)
AC   0  F    TS     0 PTAMS 0x00000000b3a00000 NTAMS 0x00000000b3a00000 space 1024K,   0% used [0x00000000b3a00000, 0x00000000b3b00000)
AC   0  F    TS     0 PTAMS 0x00000000b3b00000 NTAMS 0x00000000b3b00000 space 1024K,   0% used [0x00000000b3b00000, 0x00000000b3c00000)
AC   0  F    TS     0 PTAMS 0x00000000b3c00000 NTAMS 0x00000000b3c00000 space 1024K,   0% used [0x00000000b3c00000, 0x00000000b3d00000)
AC   0  F    TS     0 PTAMS 0x00000000b3d00000 NTAMS 0x00000000b3d00000 space 1024K,   0% used [0x00000000b3d00000, 0x00000000b3e00000)
AC   0  F    TS     0 PTAMS 0x00000000b3e00000 NTAMS 0x00000000b3e00000 space 1024K,   0% used [0x00000000b3e00000, 0x00000000b3f00000)
AC   0  F    TS     0 PTAMS 0x00000000b3f00000 NTAMS 0x00000000b3f00000 space 1024K,   0% used [0x00000000b3f00000, 0x00000000b4000000)
AC   0  F    TS     0 PTAMS 0x00000000b4000000 NTAMS 0x00000000b4000000 space 1024K,   0% used [0x00000000b4000000, 0x00000000b4100000)
AC   0  F    TS     0 PTAMS 0x00000000b4100000 NTAMS 0x00000000b4100000 space 1024K,   0% used [0x00000000b4100000, 0x00000000b4200000)
AC   0  F    TS     0 PTAMS 0x00000000b4200000 NTAMS 0x00000000b4200000 space 1024K,   0% used [0x00000000b4200000, 0x00000000b4300000)
AC   0  F    TS     0 PTAMS 0x00000000b4300000 NTAMS 0x00000000b4300000 space 1024K,   0% used [0x00000000b4300000, 0x00000000b4400000)
AC   0  F    TS     0 PTAMS 0x00000000b4400000 NTAMS 0x00000000b4400000 space 1024K,   0% used [0x00000000b4400000, 0x00000000b4500000)
AC   0  F    TS     0 PTAMS 0x00000000b4500000 NTAMS 0x00000000b4500000 space 1024K,   0% used [0x00000000b4500000, 0x00000000b4600000)
AC   0  F    TS     0 PTAMS 0x00000000b4600000 NTAMS 0x00000000b4600000 space 1024K,   0% used [0x00000000b4600000, 0x00000000b4700000)
AC   0  F    TS     0 PTAMS 0x00000000b4700000 NTAMS 0x00000000b4700000 space 1024K,   0% used [0x00000000b4700000, 0x00000000b4800000)
AC   0  F    TS     0 PTAMS 0x00000000b4800000 NTAMS 0x00000000b4800000 space 1024K,   0% used [0x00000000b4800000, 0x00000000b4900000)
AC   0  F    TS     0 PTAMS 0x00000000b4900000 NTAMS 0x00000000b4900000 space 1024K,   0% used [0x00000000b4900000, 0x00000000b4a00000)
AC   0  F    TS     0 PTAMS 0x00000000b4a00000 NTAMS 0x00000000b4a00000 space 1024K,   0% used [0x00000000b4a00000, 0x00000000b4b00000)
AC   0  F    TS     0 PTAMS 0x00000000b4b00000 NTAMS 0x00000000b4b00000 space 1024K,   0% used [0x00000000b4b00000, 0x00000000b4c00000)
AC   0  F    TS     0 PTAMS 0x00000000b4c00000 NTAMS 0x00000000b4c00000 space 1024K,   0% used [0x00000000b4c00000, 0x00000000b4d00000)
AC   0  F    TS     0 PTAMS 0x00000000b4d00000 NTAMS 0x00000000b4d00000 space 1024K,   0% used [0x00000000b4d00000, 0x00000000b4e00000)
AC   0  F    TS     0 PTAMS 0x00000000b4e00000 NTAMS 0x00000000b4e00000 space 1024K,   0% used [0x00000000b4e00000, 0x00000000b4f00000)
AC   0  F    TS     0 PTAMS 0x00000000b4f00000 NTAMS 0x00000000b4f00000 space 1024K,   0% used [0x00000000b4f00000, 0x00000000b5000000)
AC   0  F    TS     0 PTAMS 0x00000000b5000000 NTAMS 0x00000000b5000000 space 1024K,   0% used [0x00000000b5000000, 0x00000000b5100000)
AC   0  F    TS     0 PTAMS 0x00000000b5100000 NTAMS 0x00000000b5100000 space 1024K,   0% used [0x00000000b5100000, 0x00000000b5200000)
AC   0  F    TS     0 PTAMS 0x00000000b5200000 NTAMS 0x00000000b5200000 space 1024K,   0% used [0x00000000b5200000, 0x00000000b5300000)
AC   0  F    TS     0 PTAMS 0x00000000b5300000 NTAMS 0x00000000b5300000 space 1024K,   0% used [0x00000000b5300000, 0x00000000b5400000)
AC   0  F    TS     0 PTAMS 0x00000000b5400000 NTAMS 0x00000000b5400000 space 1024K,   0% used [0x00000000b5400000, 0x00000000b5500000)
AC   0  F    TS     0 PTAMS 0x00000000b5500000 NTAMS 0x00000000b5500000 space 1024K,   0% used [0x00000000b5500000, 0x00000000b5600000)
AC   0  F    TS     0 PTAMS 0x00000000b5600000 NTAMS 0x00000000b5600000 space 1024K,   0% used [0x00000000b5600000, 0x00000000b5700000)
AC   0  F    TS     0 PTAMS 0x00000000b5700000 NTAMS 0x00000000b5700000 space 1024K,   0% used [0x00000000b5700000, 0x00000000b5800000)
AC   0  F    TS     0 PTAMS 0x00000000b5800000 NTAMS 0x00000000b5800000 space 1024K,   0% used [0x00000000b5800000, 0x00000000b5900000)
AC   0  F    TS     0 PTAMS 0x00000000b5900000 NTAMS 0x00000000b5900000 space 1024K,   0% used [0x00000000b5900000, 0x00000000b5a00000)
AC   0  F    TS     0 PTAMS 0x00000000b5a00000 NTAMS 0x00000000b5a00000 space 1024K,   0% used [0x00000000b5a00000, 0x00000000b5b00000)
AC   0  F    TS     0 PTAMS 0x00000000b5b00000 NTAMS 0x00000000b5b00000 space 1024K,   0% used [0x00000000b5b00000, 0x00000000b5c00000)
AC   0  F    TS     0 PTAMS 0x00000000b5c00000 NTAMS 0x00000000b5c00000 space 1024K,   0% used [0x00000000b5c00000, 0x00000000b5d00000)
AC   0  F    TS     0 PTAMS 0x00000000b5d00000 NTAMS 0x00000000b5d00000 space 1024K,   0% used [0x00000000b5d00000, 0x00000000b5e00000)
AC   0  F    TS     0 PTAMS 0x00000000b5e00000 NTAMS 0x00000000b5e00000 space 1024K,   0% used [0x00000000b5e00000, 0x00000000b5f00000)
AC   0  F    TS     0 PTAMS 0x00000000b5f00000 NTAMS 0x00000000b5f00000 space 1024K,   0% used [0x00000000b5f00000, 0x00000000b6000000)
AC   0  F    TS     0 PTAMS 0x00000000b6000000 NTAMS 0x00000000b6000000 space 1024K,   0% used [0x00000000b6000000, 0x00000000b6100000)
AC   0  F    TS     0 PTAMS 0x00000000b6100000 NTAMS 0x00000000b6100000 space 1024K,   0% used [0x00000000b6100000, 0x00000000b6200000)
AC   0  F    TS     0 PTAMS 0x00000000b6200000 NTAMS 0x00000000b6200000 space 1024K,   0% used [0x00000000b6200000, 0x00000000b6300000)
AC   0  F    TS     0 PTAMS 0x00000000b6300000 NTAMS 0x00000000b6300000 space 1024K,   0% used [0x00000000b6300000, 0x00000000b6400000)
AC   0  F    TS     0 PTAMS 0x00000000b6400000 NTAMS 0x00000000b6400000 space 1024K,   0% used [0x00000000b6400000, 0x00000000b6500000)
AC   0  F    TS     0 PTAMS 0x00000000b6500000 NTAMS 0x00000000b6500000 space 1024K,   0% used [0x00000000b6500000, 0x00000000b6600000)
AC   0  F    TS     0 PTAMS 0x00000000b6600000 NTAMS 0x00000000b6600000 space 1024K,   0% used [0x00000000b6600000, 0x00000000b6700000)
AC   0  F    TS     0 PTAMS 0x00000000b6700000 NTAMS 0x00000000b6700000 space 1024K,   0% used [0x00000000b6700000, 0x00000000b6800000)
AC   0  F    TS     0 PTAMS 0x00000000b6800000 NTAMS 0x00000000b6800000 space 1024K,   0% used [0x00000000b6800000, 0x00000000b6900000)
AC   0  F    TS     0 PTAMS 0x00000000b6900000 NTAMS 0x00000000b6900000 space 1024K,   0% used [0x00000000b6900000, 0x00000000b6a00000)
AC   0  F    TS     0 PTAMS 0x00000000b6a00000 NTAMS 0x00000000b6a00000 space 1024K,   0% used [0x00000000b6a00000, 0x00000000b6b00000)
AC   0  F    TS     0 PTAMS 0x00000000b6b00000 NTAMS 0x00000000b6b00000 space 1024K,   0% used [0x00000000b6b00000, 0x00000000b6c00000)
AC   0  F    TS     0 PTAMS 0x00000000b6c00000 NTAMS 0x00000000b6c00000 space 1024K,   0% used [0x00000000b6c00000, 0x00000000b6d00000)
AC   0  F    TS     0 PTAMS 0x00000000b6d00000 NTAMS 0x00000000b6d00000 space 1024K,   0% used [0x00000000b6d00000, 0x00000000b6e00000)
AC   0  F    TS     0 PTAMS 0x00000000b6e00000 NTAMS 0x00000000b6e00000 space 1024K,   0% used [0x00000000b6e00000, 0x00000000b6f00000)
AC   0  F    TS     0 PTAMS 0x00000000b6f00000 NTAMS 0x00000000b6f00000 space 1024K,   0% used [0x00000000b6f00000, 0x00000000b7000000)
AC   0  F    TS     0 PTAMS 0x00000000b7000000 NTAMS 0x00000000b7000000 space 1024K,   0% used [0x00000000b7000000, 0x00000000b7100000)
AC   0  F    TS     0 PTAMS 0x00000000b7100000 NTAMS 0x00000000b7100000 space 1024K,   0% used [0x00000000b7100000, 0x00000000b7200000)
AC   0  F    TS     0 PTAMS 0x00000000b7200000 NTAMS 0x00000000b7200000 space 1024K,   0% used [0x00000000b7200000, 0x00000000b7300000)
AC   0  F    TS     0 PTAMS 0x00000000b7300000 NTAMS 0x00000000b7300000 space 1024K,   0% used [0x00000000b7300000, 0x00000000b7400000)
AC   0  F    TS     0 PTAMS 0x00000000b7400000 NTAMS 0x00000000b7400000 space 1024K,   0% used [0x00000000b7400000, 0x00000000b7500000)
AC   0  F    TS     0 PTAMS 0x00000000b7500000 NTAMS 0x00000000b7500000 space 1024K,   0% used [0x00000000b7500000, 0x00000000b7600000)
AC   0  F    TS     0 PTAMS 0x00000000b7600000 NTAMS 0x00000000b7600000 space 1024K,   0% used [0x00000000b7600000, 0x00000000b7700000)
AC   0  F    TS     0 PTAMS 0x00000000b7700000 NTAMS 0x00000000b7700000 space 1024K,   0% used [0x00000000b7700000, 0x00000000b7800000)
AC   0  F    TS     0 PTAMS 0x00000000b7800000 NTAMS 0x00000000b7800000 space 1024K,   0% used [0x00000000b7800000, 0x00000000b7900000)
AC   0  F    TS     0 PTAMS 0x00000000b7900000 NTAMS 0x00000000b7900000 space 1024K,   0% used [0x00000000b7900000, 0x00000000b7a00000)
AC   0  F    TS     0 PTAMS 0x00000000b7a00000 NTAMS 0x00000000b7a00000 space 1024K,   0% used [0x00000000b7a00000, 0x00000000b7b00000)
AC   0  F    TS     0 PTAMS 0x00000000b7b00000 NTAMS 0x00000000b7b00000 space 1024K,   0% used [0x00000000b7b00000, 0x00000000b7c00000)
AC   0  F    TS     0 PTAMS 0x00000000b7c00000 NTAMS 0x00000000b7c00000 space 1024K,   0% used [0x00000000b7c00000, 0x00000000b7d00000)
AC   0  F    TS     0 PTAMS 0x00000000b7d00000 NTAMS 0x00000000b7d00000 space 1024K,   0% used [0x00000000b7d00000, 0x00000000b7e00000)
AC   0  F    TS     0 PTAMS 0x00000000b7e00000 NTAMS 0x00000000b7e00000 space 1024K,   0% used [0x00000000b7e00000, 0x00000000b7f00000)
AC   0  F    TS     0 PTAMS 0x00000000b7f00000 NTAMS 0x00000000b7f00000 space 1024K,   0% used [0x00000000b7f00000, 0x00000000b8000000)
AC   0  F    TS     0 PTAMS 0x00000000b8000000 NTAMS 0x00000000b8000000 space 1024K,   0% used [0x00000000b8000000, 0x00000000b8100000)
AC   0  F    TS     0 PTAMS 0x00000000b8100000 NTAMS 0x00000000b8100000 space 1024K,   0% used [0x00000000b8100000, 0x00000000b8200000)
AC   0  F    TS     0 PTAMS 0x00000000b8200000 NTAMS 0x00000000b8200000 space 1024K,   0% used [0x00000000b8200000, 0x00000000b8300000)
AC   0  F    TS     0 PTAMS 0x00000000b8300000 NTAMS 0x00000000b8300000 space 1024K,   0% used [0x00000000b8300000, 0x00000000b8400000)
AC   0  F    TS     0 PTAMS 0x00000000b8400000 NTAMS 0x00000000b8400000 space 1024K,   0% used [0x00000000b8400000, 0x00000000b8500000)
AC   0  F    TS     0 PTAMS 0x00000000b8500000 NTAMS 0x00000000b8500000 space 1024K,   0% used [0x00000000b8500000, 0x00000000b8600000)
AC   0  F    TS     0 PTAMS 0x00000000b8600000 NTAMS 0x00000000b8600000 space 1024K,   0% used [0x00000000b8600000, 0x00000000b8700000)
AC   0  F    TS     0 PTAMS 0x00000000b8700000 NTAMS 0x00000000b8700000 space 1024K,   0% used [0x00000000b8700000, 0x00000000b8800000)
AC   0  F    TS     0 PTAMS 0x00000000b8800000 NTAMS 0x00000000b8800000 space 1024K,   0% used [0x00000000b8800000, 0x00000000b8900000)
AC   0  F    TS     0 PTAMS 0x00000000b8900000 NTAMS 0x00000000b8900000 space 1024K,   0% used [0x00000000b8900000, 0x00000000b8a00000)
AC   0  F    TS     0 PTAMS 0x00000000b8a00000 NTAMS 0x00000000b8a00000 space 1024K,   0% used [0x00000000b8a00000, 0x00000000b8b00000)
AC   0  F    TS     0 PTAMS 0x00000000b8b00000 NTAMS 0x00000000b8b00000 space 1024K,   0% used [0x00000000b8b00000, 0x00000000b8c00000)
AC   0  F    TS     0 PTAMS 0x00000000b8c00000 NTAMS 0x00000000b8c00000 space 1024K,   0% used [0x00000000b8c00000, 0x00000000b8d00000)
AC   0  F    TS     0 PTAMS 0x00000000b8d00000 NTAMS 0x00000000b8d00000 space 1024K,   0% used [0x00000000b8d00000, 0x00000000b8e00000)
AC   0  F    TS     0 PTAMS 0x00000000b8e00000 NTAMS 0x00000000b8e00000 space 1024K,   0% used [0x00000000b8e00000, 0x00000000b8f00000)
AC   0  F    TS     0 PTAMS 0x00000000b8f00000 NTAMS 0x00000000b8f00000 space 1024K,   0% used [0x00000000b8f00000, 0x00000000b9000000)
AC   0  F    TS     0 PTAMS 0x00000000b9000000 NTAMS 0x00000000b9000000 space 1024K,   0% used [0x00000000b9000000, 0x00000000b9100000)
AC   0  F    TS     0 PTAMS 0x00000000b9100000 NTAMS 0x00000000b9100000 space 1024K,   0% used [0x00000000b9100000, 0x00000000b9200000)
AC   0  F    TS     0 PTAMS 0x00000000b9200000 NTAMS 0x00000000b9200000 space 1024K,   0% used [0x00000000b9200000, 0x00000000b9300000)
AC   0  F    TS     0 PTAMS 0x00000000b9300000 NTAMS 0x00000000b9300000 space 1024K,   0% used [0x00000000b9300000, 0x00000000b9400000)
AC   0  F    TS     0 PTAMS 0x00000000b9400000 NTAMS 0x00000000b9400000 space 1024K,   0% used [0x00000000b9400000, 0x00000000b9500000)
AC   0  F    TS     0 PTAMS 0x00000000b9500000 NTAMS 0x00000000b9500000 space 1024K,   0% used [0x00000000b9500000, 0x00000000b9600000)
AC   0  F    TS     0 PTAMS 0x00000000b9600000 NTAMS 0x00000000b9600000 space 1024K,   0% used [0x00000000b9600000, 0x00000000b9700000)
AC   0  F    TS     0 PTAMS 0x00000000b9700000 NTAMS 0x00000000b9700000 space 1024K,   0% used [0x00000000b9700000, 0x00000000b9800000)
AC   0  F    TS     0 PTAMS 0x00000000b9800000 NTAMS 0x00000000b9800000 space 1024K,   0% used [0x00000000b9800000, 0x00000000b9900000)
AC   0  F    TS     0 PTAMS 0x00000000b9900000 NTAMS 0x00000000b9900000 space 1024K,   0% used [0x00000000b9900000, 0x00000000b9a00000)
AC   0  F    TS     0 PTAMS 0x00000000b9a00000 NTAMS 0x00000000b9a00000 space 1024K,   0% used [0x00000000b9a00000, 0x00000000b9b00000)
AC   0  F    TS     0 PTAMS 0x00000000b9b00000 NTAMS 0x00000000b9b00000 space 1024K,   0% used [0x00000000b9b00000, 0x00000000b9c00000)
AC   0  F    TS     0 PTAMS 0x00000000b9c00000 NTAMS 0x00000000b9c00000 space 1024K,   0% used [0x00000000b9c00000, 0x00000000b9d00000)
AC   0  F    TS     0 PTAMS 0x00000000b9d00000 NTAMS 0x00000000b9d00000 space 1024K,   0% used [0x00000000b9d00000, 0x00000000b9e00000)
AC   0  F    TS     0 PTAMS 0x00000000b9e00000 NTAMS 0x00000000b9e00000 space 1024K,   0% used [0x00000000b9e00000, 0x00000000b9f00000)
AC   0  F    TS     0 PTAMS 0x00000000b9f00000 NTAMS 0x00000000b9f00000 space 1024K,   0% used [0x00000000b9f00000, 0x00000000ba000000)
AC   0  F    TS     0 PTAMS 0x00000000ba000000 NTAMS 0x00000000ba000000 space 1024K,   0% used [0x00000000ba000000, 0x00000000ba100000)
AC   0  F    TS     0 PTAMS 0x00000000ba100000 NTAMS 0x00000000ba100000 space 1024K,   0% used [0x00000000ba100000, 0x00000000ba200000)
AC   0  F    TS     0 PTAMS 0x00000000ba200000 NTAMS 0x00000000ba200000 space 1024K,   0% used [0x00000000ba200000, 0x00000000ba300000)
AC   0  F    TS     0 PTAMS 0x00000000ba300000 NTAMS 0x00000000ba300000 space 1024K,   0% used [0x00000000ba300000, 0x00000000ba400000)
AC   0  F    TS     0 PTAMS 0x00000000ba400000 NTAMS 0x00000000ba400000 space 1024K,   0% used [0x00000000ba400000, 0x00000000ba500000)
AC   0  F    TS     0 PTAMS 0x00000000ba500000 NTAMS 0x00000000ba500000 space 1024K,   0% used [0x00000000ba500000, 0x00000000ba600000)
AC   0  F    TS     0 PTAMS 0x00000000ba600000 NTAMS 0x00000000ba600000 space 1024K,   0% used [0x00000000ba600000, 0x00000000ba700000)
AC   0  F    TS     0 PTAMS 0x00000000ba700000 NTAMS 0x00000000ba700000 space 1024K,   0% used [0x00000000ba700000, 0x00000000ba800000)
AC   0  F    TS     0 PTAMS 0x00000000ba800000 NTAMS 0x00000000ba800000 space 1024K,   0% used [0x00000000ba800000, 0x00000000ba900000)
AC   0  F    TS     0 PTAMS 0x00000000ba900000 NTAMS 0x00000000ba900000 space 1024K,   0% used [0x00000000ba900000, 0x00000000baa00000)
AC   0  F    TS     0 PTAMS 0x00000000baa00000 NTAMS 0x00000000baa00000 space 1024K,   0% used [0x00000000baa00000, 0x00000000bab00000)
AC   0  F    TS     0 PTAMS 0x00000000bab00000 NTAMS 0x00000000bab00000 space 1024K,   0% used [0x00000000bab00000, 0x00000000bac00000)
AC   0  F    TS     0 PTAMS 0x00000000bac00000 NTAMS 0x00000000bac00000 space 1024K,   0% used [0x00000000bac00000, 0x00000000bad00000)
AC   0  F    TS     0 PTAMS 0x00000000bad00000 NTAMS 0x00000000bad00000 space 1024K,   0% used [0x00000000bad00000, 0x00000000bae00000)
AC   0  F    TS     0 PTAMS 0x00000000bae00000 NTAMS 0x00000000bae00000 space 1024K,   0% used [0x00000000bae00000, 0x00000000baf00000)
AC   0  F    TS     0 PTAMS 0x00000000baf00000 NTAMS 0x00000000baf00000 space 1024K,   0% used [0x00000000baf00000, 0x00000000bb000000)
AC   0  F    TS     0 PTAMS 0x00000000bb000000 NTAMS 0x00000000bb000000 space 1024K,   0% used [0x00000000bb000000, 0x00000000bb100000)
AC   0  F    TS     0 PTAMS 0x00000000bb100000 NTAMS 0x00000000bb100000 space 1024K,   0% used [0x00000000bb100000, 0x00000000bb200000)
AC   0  F    TS     0 PTAMS 0x00000000bb200000 NTAMS 0x00000000bb200000 space 1024K,   0% used [0x00000000bb200000, 0x00000000bb300000)
AC   0  F    TS     0 PTAMS 0x00000000bb300000 NTAMS 0x00000000bb300000 space 1024K,   0% used [0x00000000bb300000, 0x00000000bb400000)
AC   0  F    TS     0 PTAMS 0x00000000bb400000 NTAMS 0x00000000bb400000 space 1024K,   0% used [0x00000000bb400000, 0x00000000bb500000)
AC   0  F    TS     0 PTAMS 0x00000000bb500000 NTAMS 0x00000000bb500000 space 1024K,   0% used [0x00000000bb500000, 0x00000000bb600000)
AC   0  F    TS     0 PTAMS 0x00000000bb600000 NTAMS 0x00000000bb600000 space 1024K,   0% used [0x00000000bb600000, 0x00000000bb700000)
AC   0  F    TS     0 PTAMS 0x00000000bb700000 NTAMS 0x00000000bb700000 space 1024K,   0% used [0x00000000bb700000, 0x00000000bb800000)
AC   0  F    TS     0 PTAMS 0x00000000bb800000 NTAMS 0x00000000bb800000 space 1024K,   0% used [0x00000000bb800000, 0x00000000bb900000)
AC   0  F    TS     0 PTAMS 0x00000000bb900000 NTAMS 0x00000000bb900000 space 1024K,   0% used [0x00000000bb900000, 0x00000000bba00000)
AC   0  F    TS     0 PTAMS 0x00000000bba00000 NTAMS 0x00000000bba00000 space 1024K,   0% used [0x00000000bba00000, 0x00000000bbb00000)
AC   0  F    TS     0 PTAMS 0x00000000bbb00000 NTAMS 0x00000000bbb00000 space 1024K,   0% used [0x00000000bbb00000, 0x00000000bbc00000)
AC   0  F    TS     0 PTAMS 0x00000000bbc00000 NTAMS 0x00000000bbc00000 space 1024K,   0% used [0x00000000bbc00000, 0x00000000bbd00000)
AC   0  F    TS     0 PTAMS 0x00000000bbd00000 NTAMS 0x00000000bbd00000 space 1024K,   0% used [0x00000000bbd00000, 0x00000000bbe00000)
AC   0  F    TS     0 PTAMS 0x00000000bbe00000 NTAMS 0x00000000bbe00000 space 1024K,   0% used [0x00000000bbe00000, 0x00000000bbf00000)
AC   0  F    TS     0 PTAMS 0x00000000bbf00000 NTAMS 0x00000000bbf00000 space 1024K,   0% used [0x00000000bbf00000, 0x00000000bc000000)
AC   0  F    TS     0 PTAMS 0x00000000bc000000 NTAMS 0x00000000bc000000 space 1024K,   0% used [0x00000000bc000000, 0x00000000bc100000)
AC   0  F    TS     0 PTAMS 0x00000000bc100000 NTAMS 0x00000000bc100000 space 1024K,   0% used [0x00000000bc100000, 0x00000000bc200000)
AC   0  F    TS     0 PTAMS 0x00000000bc200000 NTAMS 0x00000000bc200000 space 1024K,   0% used [0x00000000bc200000, 0x00000000bc300000)
AC   0  F    TS     0 PTAMS 0x00000000bc300000 NTAMS 0x00000000bc300000 space 1024K,   0% used [0x00000000bc300000, 0x00000000bc400000)
AC   0  F    TS     0 PTAMS 0x00000000bc400000 NTAMS 0x00000000bc400000 space 1024K,   0% used [0x00000000bc400000, 0x00000000bc500000)
AC   0  F    TS     0 PTAMS 0x00000000bc500000 NTAMS 0x00000000bc500000 space 1024K,   0% used [0x00000000bc500000, 0x00000000bc600000)
AC   0  F    TS     0 PTAMS 0x00000000bc600000 NTAMS 0x00000000bc600000 space 1024K,   0% used [0x00000000bc600000, 0x00000000bc700000)
AC   0  F    TS     0 PTAMS 0x00000000bc700000 NTAMS 0x00000000bc700000 space 1024K,   0% used [0x00000000bc700000, 0x00000000bc800000)
AC   0  F    TS     0 PTAMS 0x00000000bc800000 NTAMS 0x00000000bc800000 space 1024K,   0% used [0x00000000bc800000, 0x00000000bc900000)
AC   0  F    TS     0 PTAMS 0x00000000bc900000 NTAMS 0x00000000bc900000 space 1024K,   0% used [0x00000000bc900000, 0x00000000bca00000)
AC   0  F    TS     0 PTAMS 0x00000000bca00000 NTAMS 0x00000000bca00000 space 1024K,   0% used [0x00000000bca00000, 0x00000000bcb00000)
AC   0  F    TS     0 PTAMS 0x00000000bcb00000 NTAMS 0x00000000bcb00000 space 1024K,   0% used [0x00000000bcb00000, 0x00000000bcc00000)
AC   0  F    TS     0 PTAMS 0x00000000bcc00000 NTAMS 0x00000000bcc00000 space 1024K,   0% used [0x00000000bcc00000, 0x00000000bcd00000)
AC   0  F    TS     0 PTAMS 0x00000000bcd00000 NTAMS 0x00000000bcd00000 space 1024K,   0% used [0x00000000bcd00000, 0x00000000bce00000)
AC   0  F    TS     0 PTAMS 0x00000000bce00000 NTAMS 0x00000000bce00000 space 1024K,   0% used [0x00000000bce00000, 0x00000000bcf00000)
AC   0  F    TS     0 PTAMS 0x00000000bcf00000 NTAMS 0x00000000bcf00000 space 1024K,   0% used [0x00000000bcf00000, 0x00000000bd000000)
AC   0  F    TS     0 PTAMS 0x00000000bd000000 NTAMS 0x00000000bd000000 space 1024K,   0% used [0x00000000bd000000, 0x00000000bd100000)
AC   0  F    TS     0 PTAMS 0x00000000bd100000 NTAMS 0x00000000bd100000 space 1024K,   0% used [0x00000000bd100000, 0x00000000bd200000)
AC   0  F    TS     0 PTAMS 0x00000000bd200000 NTAMS 0x00000000bd200000 space 1024K,   0% used [0x00000000bd200000, 0x00000000bd300000)
AC   0  F    TS     0 PTAMS 0x00000000bd300000 NTAMS 0x00000000bd300000 space 1024K,   0% used [0x00000000bd300000, 0x00000000bd400000)
AC   0  F    TS     0 PTAMS 0x00000000bd400000 NTAMS 0x00000000bd400000 space 1024K,   0% used [0x00000000bd400000, 0x00000000bd500000)
AC   0  F    TS     0 PTAMS 0x00000000bd500000 NTAMS 0x00000000bd500000 space 1024K,   0% used [0x00000000bd500000, 0x00000000bd600000)
AC   0  F    TS     0 PTAMS 0x00000000bd600000 NTAMS 0x00000000bd600000 space 1024K,   0% used [0x00000000bd600000, 0x00000000bd700000)
AC   0  F    TS     0 PTAMS 0x00000000bd700000 NTAMS 0x00000000bd700000 space 1024K,   0% used [0x00000000bd700000, 0x00000000bd800000)
AC   0  F    TS     0 PTAMS 0x00000000bd800000 NTAMS 0x00000000bd800000 space 1024K,   0% used [0x00000000bd800000, 0x00000000bd900000)
AC   0  F    TS     0 PTAMS 0x00000000bd900000 NTAMS 0x00000000bd900000 space 1024K,   0% used [0x00000000bd900000, 0x00000000bda00000)
AC   0  F    TS     0 PTAMS 0x00000000bda00000 NTAMS 0x00000000bda00000 space 1024K,   0% used [0x00000000bda00000, 0x00000000bdb00000)
AC   0  F    TS     0 PTAMS 0x00000000bdb00000 NTAMS 0x00000000bdb00000 space 1024K,   0% used [0x00000000bdb00000, 0x00000000bdc00000)
AC   0  F    TS     0 PTAMS 0x00000000bdc00000 NTAMS 0x00000000bdc00000 space 1024K,   0% used [0x00000000bdc00000, 0x00000000bdd00000)
AC   0  F    TS     0 PTAMS 0x00000000bdd00000 NTAMS 0x00000000bdd00000 space 1024K,   0% used [0x00000000bdd00000, 0x00000000bde00000)
AC   0  F    TS     0 PTAMS 0x00000000bde00000 NTAMS 0x00000000bde00000 space 1024K,   0% used [0x00000000bde00000, 0x00000000bdf00000)
AC   0  F    TS     0 PTAMS 0x00000000bdf00000 NTAMS 0x00000000bdf00000 space 1024K,   0% used [0x00000000bdf00000, 0x00000000be000000)
AC   0  F    TS     0 PTAMS 0x00000000be000000 NTAMS 0x00000000be000000 space 1024K,   0% used [0x00000000be000000, 0x00000000be100000)
AC   0  F    TS     0 PTAMS 0x00000000be100000 NTAMS 0x00000000be100000 space 1024K,   0% used [0x00000000be100000, 0x00000000be200000)
AC   0  F    TS     0 PTAMS 0x00000000be200000 NTAMS 0x00000000be200000 space 1024K,   0% used [0x00000000be200000, 0x00000000be300000)
AC   0  F    TS     0 PTAMS 0x00000000be300000 NTAMS 0x00000000be300000 space 1024K,   0% used [0x00000000be300000, 0x00000000be400000)
AC   0  F    TS     0 PTAMS 0x00000000be400000 NTAMS 0x00000000be400000 space 1024K,   0% used [0x00000000be400000, 0x00000000be500000)
AC   0  F    TS     0 PTAMS 0x00000000be500000 NTAMS 0x00000000be500000 space 1024K,   0% used [0x00000000be500000, 0x00000000be600000)
AC   0  F    TS     0 PTAMS 0x00000000be600000 NTAMS 0x00000000be600000 space 1024K,   0% used [0x00000000be600000, 0x00000000be700000)
AC   0  F    TS     0 PTAMS 0x00000000be700000 NTAMS 0x00000000be700000 space 1024K,   0% used [0x00000000be700000, 0x00000000be800000)
AC   0  F    TS     0 PTAMS 0x00000000be800000 NTAMS 0x00000000be800000 space 1024K,   0% used [0x00000000be800000, 0x00000000be900000)
AC   0  F    TS     0 PTAMS 0x00000000be900000 NTAMS 0x00000000be900000 space 1024K,   0% used [0x00000000be900000, 0x00000000bea00000)
AC   0  F    TS     0 PTAMS 0x00000000bea00000 NTAMS 0x00000000bea00000 space 1024K,   0% used [0x00000000bea00000, 0x00000000beb00000)
AC   0  F    TS     0 PTAMS 0x00000000beb00000 NTAMS 0x00000000beb00000 space 1024K,   0% used [0x00000000beb00000, 0x00000000bec00000)
AC   0  F    TS     0 PTAMS 0x00000000bec00000 NTAMS 0x00000000bec00000 space 1024K,   0% used [0x00000000bec00000, 0x00000000bed00000)
AC   0  F    TS     0 PTAMS 0x00000000bed00000 NTAMS 0x00000000bed00000 space 1024K,   0% used [0x00000000bed00000, 0x00000000bee00000)
AC   0  F    TS     0 PTAMS 0x00000000bee00000 NTAMS 0x00000000bee00000 space 1024K,   0% used [0x00000000bee00000, 0x00000000bef00000)
AC   0  F    TS     0 PTAMS 0x00000000bef00000 NTAMS 0x00000000bef00000 space 1024K,   0% used [0x00000000bef00000, 0x00000000bf000000)
AC   0  F    TS     0 PTAMS 0x00000000bf000000 NTAMS 0x00000000bf000000 space 1024K,   0% used [0x00000000bf000000, 0x00000000bf100000)
AC   0  F    TS     0 PTAMS 0x00000000bf100000 NTAMS 0x00000000bf100000 space 1024K,   0% used [0x00000000bf100000, 0x00000000bf200000)
AC   0  F    TS     0 PTAMS 0x00000000bf200000 NTAMS 0x00000000bf200000 space 1024K,   0% used [0x00000000bf200000, 0x00000000bf300000)
AC   0  F    TS     0 PTAMS 0x00000000bf300000 NTAMS 0x00000000bf300000 space 1024K,   0% used [0x00000000bf300000, 0x00000000bf400000)
AC   0  F    TS     0 PTAMS 0x00000000bf400000 NTAMS 0x00000000bf400000 space 1024K,   0% used [0x00000000bf400000, 0x00000000bf500000)
AC   0  F    TS     0 PTAMS 0x00000000bf500000 NTAMS 0x00000000bf500000 space 1024K,   0% used [0x00000000bf500000, 0x00000000bf600000)
AC   0  F    TS     0 PTAMS 0x00000000bf600000 NTAMS 0x00000000bf600000 space 1024K,   0% used [0x00000000bf600000, 0x00000000bf700000)
AC   0  F    TS     0 PTAMS 0x00000000bf700000 NTAMS 0x00000000bf700000 space 1024K,   0% used [0x00000000bf700000, 0x00000000bf800000)
AC   0  F    TS     0 PTAMS 0x00000000bf800000 NTAMS 0x00000000bf800000 space 1024K,   0% used [0x00000000bf800000, 0x00000000bf900000)
AC   0  F    TS     0 PTAMS 0x00000000bf900000 NTAMS 0x00000000bf900000 space 1024K,   0% used [0x00000000bf900000, 0x00000000bfa00000)
AC   0  F    TS     0 PTAMS 0x00000000bfa00000 NTAMS 0x00000000bfa00000 space 1024K,   0% used [0x00000000bfa00000, 0x00000000bfb00000)
AC   0  F    TS     0 PTAMS 0x00000000bfb00000 NTAMS 0x00000000bfb00000 space 1024K,   0% used [0x00000000bfb00000, 0x00000000bfc00000)
AC   0  F    TS     0 PTAMS 0x00000000bfc00000 NTAMS 0x00000000bfc00000 space 1024K,   0% used [0x00000000bfc00000, 0x00000000bfd00000)
AC   0  F    TS     0 PTAMS 0x00000000bfd00000 NTAMS 0x00000000bfd00000 space 1024K,   0% used [0x00000000bfd00000, 0x00000000bfe00000)
AC   0  F    TS     0 PTAMS 0x00000000bfe00000 NTAMS 0x00000000bfe00000 space 1024K,   0% used [0x00000000bfe00000, 0x00000000bff00000)
AC   0  F    TS     0 PTAMS 0x00000000bff00000 NTAMS 0x00000000bff00000 space 1024K,   0% used [0x00000000bff00000, 0x00000000c0000000)
AC   0  F    TS     0 PTAMS 0x00000000c0000000 NTAMS 0x00000000c0000000 space 1024K,   0% used [0x00000000c0000000, 0x00000000c0100000)
AC   0  F    TS     0 PTAMS 0x00000000c0100000 NTAMS 0x00000000c0100000 space 1024K,   0% used [0x00000000c0100000, 0x00000000c0200000)
AC   0  F    TS     0 PTAMS 0x00000000c0200000 NTAMS 0x00000000c0200000 space 1024K,   0% used [0x00000000c0200000, 0x00000000c0300000)
AC   0  F    TS     0 PTAMS 0x00000000c0300000 NTAMS 0x00000000c0300000 space 1024K,   0% used [0x00000000c0300000, 0x00000000c0400000)
AC   0  F    TS     0 PTAMS 0x00000000c0400000 NTAMS 0x00000000c0400000 space 1024K,   0% used [0x00000000c0400000, 0x00000000c0500000)
AC   0  F    TS     0 PTAMS 0x00000000c0500000 NTAMS 0x00000000c0500000 space 1024K,   0% used [0x00000000c0500000, 0x00000000c0600000)
AC   0  F    TS     0 PTAMS 0x00000000c0600000 NTAMS 0x00000000c0600000 space 1024K,   0% used [0x00000000c0600000, 0x00000000c0700000)
AC   0  F    TS     0 PTAMS 0x00000000c0700000 NTAMS 0x00000000c0700000 space 1024K,   0% used [0x00000000c0700000, 0x00000000c0800000)
AC   0  F    TS     0 PTAMS 0x00000000c0800000 NTAMS 0x00000000c0800000 space 1024K,   0% used [0x00000000c0800000, 0x00000000c0900000)
AC   0  F    TS     0 PTAMS 0x00000000c0900000 NTAMS 0x00000000c0900000 space 1024K,   0% used [0x00000000c0900000, 0x00000000c0a00000)
AC   0  F    TS     0 PTAMS 0x00000000c0a00000 NTAMS 0x00000000c0a00000 space 1024K,   0% used [0x00000000c0a00000, 0x00000000c0b00000)
AC   0  F    TS     0 PTAMS 0x00000000c0b00000 NTAMS 0x00000000c0b00000 space 1024K,   0% used [0x00000000c0b00000, 0x00000000c0c00000)
AC   0  F    TS     0 PTAMS 0x00000000c0c00000 NTAMS 0x00000000c0c00000 space 1024K,   0% used [0x00000000c0c00000, 0x00000000c0d00000)
AC   0  F    TS     0 PTAMS 0x00000000c0d00000 NTAMS 0x00000000c0d00000 space 1024K,   0% used [0x00000000c0d00000, 0x00000000c0e00000)
AC   0  F    TS     0 PTAMS 0x00000000c0e00000 NTAMS 0x00000000c0e00000 space 1024K,   0% used [0x00000000c0e00000, 0x00000000c0f00000)
AC   0  F    TS     0 PTAMS 0x00000000c0f00000 NTAMS 0x00000000c0f00000 space 1024K,   0% used [0x00000000c0f00000, 0x00000000c1000000)
AC   0  F    TS     0 PTAMS 0x00000000c1000000 NTAMS 0x00000000c1000000 space 1024K,   0% used [0x00000000c1000000, 0x00000000c1100000)
AC   0  F    TS     0 PTAMS 0x00000000c1100000 NTAMS 0x00000000c1100000 space 1024K,   0% used [0x00000000c1100000, 0x00000000c1200000)
AC   0  F    TS     0 PTAMS 0x00000000c1200000 NTAMS 0x00000000c1200000 space 1024K,   0% used [0x00000000c1200000, 0x00000000c1300000)
AC   0  F    TS     0 PTAMS 0x00000000c1300000 NTAMS 0x00000000c1300000 space 1024K,   0% used [0x00000000c1300000, 0x00000000c1400000)
AC   0  F    TS     0 PTAMS 0x00000000c1400000 NTAMS 0x00000000c1400000 space 1024K,   0% used [0x00000000c1400000, 0x00000000c1500000)
AC   0  F    TS     0 PTAMS 0x00000000c1500000 NTAMS 0x00000000c1500000 space 1024K,   0% used [0x00000000c1500000, 0x00000000c1600000)
AC   0  F    TS     0 PTAMS 0x00000000c1600000 NTAMS 0x00000000c1600000 space 1024K,   0% used [0x00000000c1600000, 0x00000000c1700000)
AC   0  F    TS     0 PTAMS 0x00000000c1700000 NTAMS 0x00000000c1700000 space 1024K,   0% used [0x00000000c1700000, 0x00000000c1800000)
AC   0  F    TS     0 PTAMS 0x00000000c1800000 NTAMS 0x00000000c1800000 space 1024K,   0% used [0x00000000c1800000, 0x00000000c1900000)
AC   0  F    TS     0 PTAMS 0x00000000c1900000 NTAMS 0x00000000c1900000 space 1024K,   0% used [0x00000000c1900000, 0x00000000c1a00000)
AC   0  F    TS     0 PTAMS 0x00000000c1a00000 NTAMS 0x00000000c1a00000 space 1024K,   0% used [0x00000000c1a00000, 0x00000000c1b00000)
AC   0  F    TS     0 PTAMS 0x00000000c1b00000 NTAMS 0x00000000c1b00000 space 1024K,   0% used [0x00000000c1b00000, 0x00000000c1c00000)
AC   0  F    TS     0 PTAMS 0x00000000c1c00000 NTAMS 0x00000000c1c00000 space 1024K,   0% used [0x00000000c1c00000, 0x00000000c1d00000)
AC   0  F    TS     0 PTAMS 0x00000000c1d00000 NTAMS 0x00000000c1d00000 space 1024K,   0% used [0x00000000c1d00000, 0x00000000c1e00000)
AC   0  F    TS     0 PTAMS 0x00000000c1e00000 NTAMS 0x00000000c1e00000 space 1024K,   0% used [0x00000000c1e00000, 0x00000000c1f00000)
AC   0  F    TS     0 PTAMS 0x00000000c1f00000 NTAMS 0x00000000c1f00000 space 1024K,   0% used [0x00000000c1f00000, 0x00000000c2000000)
AC   0  F    TS     0 PTAMS 0x00000000c2000000 NTAMS 0x00000000c2000000 space 1024K,   0% used [0x00000000c2000000, 0x00000000c2100000)
AC   0  F    TS     0 PTAMS 0x00000000c2100000 NTAMS 0x00000000c2100000 space 1024K,   0% used [0x00000000c2100000, 0x00000000c2200000)
AC   0  F    TS     0 PTAMS 0x00000000c2200000 NTAMS 0x00000000c2200000 space 1024K,   0% used [0x00000000c2200000, 0x00000000c2300000)
AC   0  F    TS     0 PTAMS 0x00000000c2300000 NTAMS 0x00000000c2300000 space 1024K,   0% used [0x00000000c2300000, 0x00000000c2400000)
AC   0  F    TS     0 PTAMS 0x00000000c2400000 NTAMS 0x00000000c2400000 space 1024K,   0% used [0x00000000c2400000, 0x00000000c2500000)
AC   0  F    TS     0 PTAMS 0x00000000c2500000 NTAMS 0x00000000c2500000 space 1024K,   0% used [0x00000000c2500000, 0x00000000c2600000)
AC   0  F    TS     0 PTAMS 0x00000000c2600000 NTAMS 0x00000000c2600000 space 1024K,   0% used [0x00000000c2600000, 0x00000000c2700000)
AC   0  F    TS     0 PTAMS 0x00000000c2700000 NTAMS 0x00000000c2700000 space 1024K,   0% used [0x00000000c2700000, 0x00000000c2800000)
AC   0  F    TS     0 PTAMS 0x00000000c2800000 NTAMS 0x00000000c2800000 space 1024K,   0% used [0x00000000c2800000, 0x00000000c2900000)
AC   0  F    TS     0 PTAMS 0x00000000c2900000 NTAMS 0x00000000c2900000 space 1024K,   0% used [0x00000000c2900000, 0x00000000c2a00000)
AC   0  F    TS     0 PTAMS 0x00000000c2a00000 NTAMS 0x00000000c2a00000 space 1024K,   0% used [0x00000000c2a00000, 0x00000000c2b00000)
AC   0  F    TS     0 PTAMS 0x00000000c2b00000 NTAMS 0x00000000c2b00000 space 1024K,   0% used [0x00000000c2b00000, 0x00000000c2c00000)
AC   0  F    TS     0 PTAMS 0x00000000c2c00000 NTAMS 0x00000000c2c00000 space 1024K,   0% used [0x00000000c2c00000, 0x00000000c2d00000)
AC   0  F    TS     0 PTAMS 0x00000000c2d00000 NTAMS 0x00000000c2d00000 space 1024K,   0% used [0x00000000c2d00000, 0x00000000c2e00000)
AC   0  F    TS     0 PTAMS 0x00000000c2e00000 NTAMS 0x00000000c2e00000 space 1024K,   0% used [0x00000000c2e00000, 0x00000000c2f00000)
AC   0  F    TS     0 PTAMS 0x00000000c2f00000 NTAMS 0x00000000c2f00000 space 1024K,   0% used [0x00000000c2f00000, 0x00000000c3000000)
AC   0  F    TS     0 PTAMS 0x00000000c3000000 NTAMS 0x00000000c3000000 space 1024K,   0% used [0x00000000c3000000, 0x00000000c3100000)
AC   0  F    TS     0 PTAMS 0x00000000c3100000 NTAMS 0x00000000c3100000 space 1024K,   0% used [0x00000000c3100000, 0x00000000c3200000)
AC   0  F    TS     0 PTAMS 0x00000000c3200000 NTAMS 0x00000000c3200000 space 1024K,   0% used [0x00000000c3200000, 0x00000000c3300000)
AC   0  F    TS     0 PTAMS 0x00000000c3300000 NTAMS 0x00000000c3300000 space 1024K,   0% used [0x00000000c3300000, 0x00000000c3400000)
AC   0  F    TS     0 PTAMS 0x00000000c3400000 NTAMS 0x00000000c3400000 space 1024K,   0% used [0x00000000c3400000, 0x00000000c3500000)
AC   0  F    TS     0 PTAMS 0x00000000c3500000 NTAMS 0x00000000c3500000 space 1024K,   0% used [0x00000000c3500000, 0x00000000c3600000)
AC   0  F    TS     0 PTAMS 0x00000000c3600000 NTAMS 0x00000000c3600000 space 1024K,   0% used [0x00000000c3600000, 0x00000000c3700000)
AC   0  F    TS     0 PTAMS 0x00000000c3700000 NTAMS 0x00000000c3700000 space 1024K,   0% used [0x00000000c3700000, 0x00000000c3800000)
AC   0  F    TS     0 PTAMS 0x00000000c3800000 NTAMS 0x00000000c3800000 space 1024K,   0% used [0x00000000c3800000, 0x00000000c3900000)
AC   0  F    TS     0 PTAMS 0x00000000c3900000 NTAMS 0x00000000c3900000 space 1024K,   0% used [0x00000000c3900000, 0x00000000c3a00000)
AC   0  F    TS     0 PTAMS 0x00000000c3a00000 NTAMS 0x00000000c3a00000 space 1024K,   0% used [0x00000000c3a00000, 0x00000000c3b00000)
AC   0  F    TS     0 PTAMS 0x00000000c3b00000 NTAMS 0x00000000c3b00000 space 1024K,   0% used [0x00000000c3b00000, 0x00000000c3c00000)
AC   0  F    TS     0 PTAMS 0x00000000c3c00000 NTAMS 0x00000000c3c00000 space 1024K,   0% used [0x00000000c3c00000, 0x00000000c3d00000)
AC   0  F    TS     0 PTAMS 0x00000000c3d00000 NTAMS 0x00000000c3d00000 space 1024K,   0% used [0x00000000c3d00000, 0x00000000c3e00000)
AC   0  F    TS     0 PTAMS 0x00000000c3e00000 NTAMS 0x00000000c3e00000 space 1024K,   0% used [0x00000000c3e00000, 0x00000000c3f00000)
AC   0  F    TS     0 PTAMS 0x00000000c3f00000 NTAMS 0x00000000c3f00000 space 1024K,   0% used [0x00000000c3f00000, 0x00000000c4000000)
AC   0  F    TS     0 PTAMS 0x00000000c4000000 NTAMS 0x00000000c4000000 space 1024K,   0% used [0x00000000c4000000, 0x00000000c4100000)
AC   0  F    TS     0 PTAMS 0x00000000c4100000 NTAMS 0x00000000c4100000 space 1024K,   0% used [0x00000000c4100000, 0x00000000c4200000)
AC   0  F    TS     0 PTAMS 0x00000000c4200000 NTAMS 0x00000000c4200000 space 1024K,   0% used [0x00000000c4200000, 0x00000000c4300000)
AC   0  F    TS     0 PTAMS 0x00000000c4300000 NTAMS 0x00000000c4300000 space 1024K,   0% used [0x00000000c4300000, 0x00000000c4400000)
AC   0  F    TS     0 PTAMS 0x00000000c4400000 NTAMS 0x00000000c4400000 space 1024K,   0% used [0x00000000c4400000, 0x00000000c4500000)
AC   0  F    TS     0 PTAMS 0x00000000c4500000 NTAMS 0x00000000c4500000 space 1024K,   0% used [0x00000000c4500000, 0x00000000c4600000)
AC   0  F    TS     0 PTAMS 0x00000000c4600000 NTAMS 0x00000000c4600000 space 1024K,   0% used [0x00000000c4600000, 0x00000000c4700000)
AC   0  F    TS     0 PTAMS 0x00000000c4700000 NTAMS 0x00000000c4700000 space 1024K,   0% used [0x00000000c4700000, 0x00000000c4800000)
AC   0  F    TS     0 PTAMS 0x00000000c4800000 NTAMS 0x00000000c4800000 space 1024K,   0% used [0x00000000c4800000, 0x00000000c4900000)
AC   0  F    TS     0 PTAMS 0x00000000c4900000 NTAMS 0x00000000c4900000 space 1024K,   0% used [0x00000000c4900000, 0x00000000c4a00000)
AC   0  F    TS     0 PTAMS 0x00000000c4a00000 NTAMS 0x00000000c4a00000 space 1024K,   0% used [0x00000000c4a00000, 0x00000000c4b00000)
AC   0  F    TS     0 PTAMS 0x00000000c4b00000 NTAMS 0x00000000c4b00000 space 1024K,   0% used [0x00000000c4b00000, 0x00000000c4c00000)
AC   0  F    TS     0 PTAMS 0x00000000c4c00000 NTAMS 0x00000000c4c00000 space 1024K,   0% used [0x00000000c4c00000, 0x00000000c4d00000)
AC   0  F    TS     0 PTAMS 0x00000000c4d00000 NTAMS 0x00000000c4d00000 space 1024K,   0% used [0x00000000c4d00000, 0x00000000c4e00000)
AC   0  F    TS     0 PTAMS 0x00000000c4e00000 NTAMS 0x00000000c4e00000 space 1024K,   0% used [0x00000000c4e00000, 0x00000000c4f00000)
AC   0  F    TS     0 PTAMS 0x00000000c4f00000 NTAMS 0x00000000c4f00000 space 1024K,   0% used [0x00000000c4f00000, 0x00000000c5000000)
AC   0  F    TS     0 PTAMS 0x00000000c5000000 NTAMS 0x00000000c5000000 space 1024K,   0% used [0x00000000c5000000, 0x00000000c5100000)
AC   0  F    TS     0 PTAMS 0x00000000c5100000 NTAMS 0x00000000c5100000 space 1024K,   0% used [0x00000000c5100000, 0x00000000c5200000)
AC   0  F    TS     0 PTAMS 0x00000000c5200000 NTAMS 0x00000000c5200000 space 1024K,   0% used [0x00000000c5200000, 0x00000000c5300000)
AC   0  F    TS     0 PTAMS 0x00000000c5300000 NTAMS 0x00000000c5300000 space 1024K,   0% used [0x00000000c5300000, 0x00000000c5400000)
AC   0  F    TS     0 PTAMS 0x00000000c5400000 NTAMS 0x00000000c5400000 space 1024K,   0% used [0x00000000c5400000, 0x00000000c5500000)
AC   0  F    TS     0 PTAMS 0x00000000c5500000 NTAMS 0x00000000c5500000 space 1024K,   0% used [0x00000000c5500000, 0x00000000c5600000)
AC   0  F    TS     0 PTAMS 0x00000000c5600000 NTAMS 0x00000000c5600000 space 1024K,   0% used [0x00000000c5600000, 0x00000000c5700000)
AC   0  F    TS     0 PTAMS 0x00000000c5700000 NTAMS 0x00000000c5700000 space 1024K,   0% used [0x00000000c5700000, 0x00000000c5800000)
AC   0  F    TS     0 PTAMS 0x00000000c5800000 NTAMS 0x00000000c5800000 space 1024K,   0% used [0x00000000c5800000, 0x00000000c5900000)
AC   0  F    TS     0 PTAMS 0x00000000c5900000 NTAMS 0x00000000c5900000 space 1024K,   0% used [0x00000000c5900000, 0x00000000c5a00000)
AC   0  F    TS     0 PTAMS 0x00000000c5a00000 NTAMS 0x00000000c5a00000 space 1024K,   0% used [0x00000000c5a00000, 0x00000000c5b00000)
AC   0  F    TS     0 PTAMS 0x00000000c5b00000 NTAMS 0x00000000c5b00000 space 1024K,   0% used [0x00000000c5b00000, 0x00000000c5c00000)
AC   0  F    TS     0 PTAMS 0x00000000c5c00000 NTAMS 0x00000000c5c00000 space 1024K,   0% used [0x00000000c5c00000, 0x00000000c5d00000)
AC   0  F    TS     0 PTAMS 0x00000000c5d00000 NTAMS 0x00000000c5d00000 space 1024K,   0% used [0x00000000c5d00000, 0x00000000c5e00000)
AC   0  F    TS     0 PTAMS 0x00000000c5e00000 NTAMS 0x00000000c5e00000 space 1024K,   0% used [0x00000000c5e00000, 0x00000000c5f00000)
AC   0  F    TS     0 PTAMS 0x00000000c5f00000 NTAMS 0x00000000c5f00000 space 1024K,   0% used [0x00000000c5f00000, 0x00000000c6000000)
AC   0  F    TS     0 PTAMS 0x00000000c6000000 NTAMS 0x00000000c6000000 space 1024K,   0% used [0x00000000c6000000, 0x00000000c6100000)
AC   0  F    TS     0 PTAMS 0x00000000c6100000 NTAMS 0x00000000c6100000 space 1024K,   0% used [0x00000000c6100000, 0x00000000c6200000)
AC   0  F    TS     0 PTAMS 0x00000000c6200000 NTAMS 0x00000000c6200000 space 1024K,   0% used [0x00000000c6200000, 0x00000000c6300000)
AC   0  F    TS     0 PTAMS 0x00000000c6300000 NTAMS 0x00000000c6300000 space 1024K,   0% used [0x00000000c6300000, 0x00000000c6400000)
AC   0  F    TS     0 PTAMS 0x00000000c6400000 NTAMS 0x00000000c6400000 space 1024K,   0% used [0x00000000c6400000, 0x00000000c6500000)
AC   0  F    TS     0 PTAMS 0x00000000c6500000 NTAMS 0x00000000c6500000 space 1024K,   0% used [0x00000000c6500000, 0x00000000c6600000)
AC   0  F    TS     0 PTAMS 0x00000000c6600000 NTAMS 0x00000000c6600000 space 1024K,   0% used [0x00000000c6600000, 0x00000000c6700000)
AC   0  F    TS     0 PTAMS 0x00000000c6700000 NTAMS 0x00000000c6700000 space 1024K,   0% used [0x00000000c6700000, 0x00000000c6800000)
AC   0  F    TS     0 PTAMS 0x00000000c6800000 NTAMS 0x00000000c6800000 space 1024K,   0% used [0x00000000c6800000, 0x00000000c6900000)
AC   0  F    TS     0 PTAMS 0x00000000c6900000 NTAMS 0x00000000c6900000 space 1024K,   0% used [0x00000000c6900000, 0x00000000c6a00000)
AC   0  F    TS     0 PTAMS 0x00000000c6a00000 NTAMS 0x00000000c6a00000 space 1024K,   0% used [0x00000000c6a00000, 0x00000000c6b00000)
AC   0  F    TS     0 PTAMS 0x00000000c6b00000 NTAMS 0x00000000c6b00000 space 1024K,   0% used [0x00000000c6b00000, 0x00000000c6c00000)
AC   0  F    TS     0 PTAMS 0x00000000c6c00000 NTAMS 0x00000000c6c00000 space 1024K,   0% used [0x00000000c6c00000, 0x00000000c6d00000)
AC   0  F    TS     0 PTAMS 0x00000000c6d00000 NTAMS 0x00000000c6d00000 space 1024K,   0% used [0x00000000c6d00000, 0x00000000c6e00000)
AC   0  F    TS     0 PTAMS 0x00000000c6e00000 NTAMS 0x00000000c6e00000 space 1024K,   0% used [0x00000000c6e00000, 0x00000000c6f00000)
AC   0  F    TS     0 PTAMS 0x00000000c6f00000 NTAMS 0x00000000c6f00000 space 1024K,   0% used [0x00000000c6f00000, 0x00000000c7000000)
AC   0  F    TS     0 PTAMS 0x00000000c7000000 NTAMS 0x00000000c7000000 space 1024K,   0% used [0x00000000c7000000, 0x00000000c7100000)
AC   0  F    TS     0 PTAMS 0x00000000c7100000 NTAMS 0x00000000c7100000 space 1024K,   0% used [0x00000000c7100000, 0x00000000c7200000)
AC   0  F    TS     0 PTAMS 0x00000000c7200000 NTAMS 0x00000000c7200000 space 1024K,   0% used [0x00000000c7200000, 0x00000000c7300000)
AC   0  F    TS     0 PTAMS 0x00000000c7300000 NTAMS 0x00000000c7300000 space 1024K,   0% used [0x00000000c7300000, 0x00000000c7400000)
AC   0  F    TS     0 PTAMS 0x00000000c7400000 NTAMS 0x00000000c7400000 space 1024K,   0% used [0x00000000c7400000, 0x00000000c7500000)
AC   0  F    TS     0 PTAMS 0x00000000c7500000 NTAMS 0x00000000c7500000 space 1024K,   0% used [0x00000000c7500000, 0x00000000c7600000)
AC   0  F    TS     0 PTAMS 0x00000000c7600000 NTAMS 0x00000000c7600000 space 1024K,   0% used [0x00000000c7600000, 0x00000000c7700000)
AC   0  F    TS     0 PTAMS 0x00000000c7700000 NTAMS 0x00000000c7700000 space 1024K,   0% used [0x00000000c7700000, 0x00000000c7800000)
AC   0  F    TS     0 PTAMS 0x00000000c7800000 NTAMS 0x00000000c7800000 space 1024K,   0% used [0x00000000c7800000, 0x00000000c7900000)
AC   0  F    TS     0 PTAMS 0x00000000c7900000 NTAMS 0x00000000c7900000 space 1024K,   0% used [0x00000000c7900000, 0x00000000c7a00000)
AC   0  F    TS     0 PTAMS 0x00000000c7a00000 NTAMS 0x00000000c7a00000 space 1024K,   0% used [0x00000000c7a00000, 0x00000000c7b00000)
AC   0  F    TS     0 PTAMS 0x00000000c7b00000 NTAMS 0x00000000c7b00000 space 1024K,   0% used [0x00000000c7b00000, 0x00000000c7c00000)
AC   0  F    TS     0 PTAMS 0x00000000c7c00000 NTAMS 0x00000000c7c00000 space 1024K,   0% used [0x00000000c7c00000, 0x00000000c7d00000)
AC   0  F    TS     0 PTAMS 0x00000000c7d00000 NTAMS 0x00000000c7d00000 space 1024K,   0% used [0x00000000c7d00000, 0x00000000c7e00000)
AC   0  F    TS     0 PTAMS 0x00000000c7e00000 NTAMS 0x00000000c7e00000 space 1024K,   0% used [0x00000000c7e00000, 0x00000000c7f00000)
AC   0  F    TS     0 PTAMS 0x00000000c7f00000 NTAMS 0x00000000c7f00000 space 1024K,   0% used [0x00000000c7f00000, 0x00000000c8000000)
AC   0  F    TS     0 PTAMS 0x00000000c8000000 NTAMS 0x00000000c8000000 space 1024K,   0% used [0x00000000c8000000, 0x00000000c8100000)
AC   0  F    TS     0 PTAMS 0x00000000c8100000 NTAMS 0x00000000c8100000 space 1024K,   0% used [0x00000000c8100000, 0x00000000c8200000)
AC   0  F    TS     0 PTAMS 0x00000000c8200000 NTAMS 0x00000000c8200000 space 1024K,   0% used [0x00000000c8200000, 0x00000000c8300000)
AC   0  F    TS     0 PTAMS 0x00000000c8300000 NTAMS 0x00000000c8300000 space 1024K,   0% used [0x00000000c8300000, 0x00000000c8400000)
AC   0  F    TS     0 PTAMS 0x00000000c8400000 NTAMS 0x00000000c8400000 space 1024K,   0% used [0x00000000c8400000, 0x00000000c8500000)
AC   0  F    TS     0 PTAMS 0x00000000c8500000 NTAMS 0x00000000c8500000 space 1024K,   0% used [0x00000000c8500000, 0x00000000c8600000)
AC   0  F    TS     0 PTAMS 0x00000000c8600000 NTAMS 0x00000000c8600000 space 1024K,   0% used [0x00000000c8600000, 0x00000000c8700000)
AC   0  F    TS     0 PTAMS 0x00000000c8700000 NTAMS 0x00000000c8700000 space 1024K,   0% used [0x00000000c8700000, 0x00000000c8800000)
AC   0  F    TS     0 PTAMS 0x00000000c8800000 NTAMS 0x00000000c8800000 space 1024K,   0% used [0x00000000c8800000, 0x00000000c8900000)
AC   0  F    TS     0 PTAMS 0x00000000c8900000 NTAMS 0x00000000c8900000 space 1024K,   0% used [0x00000000c8900000, 0x00000000c8a00000)
AC   0  F    TS     0 PTAMS 0x00000000c8a00000 NTAMS 0x00000000c8a00000 space 1024K,   0% used [0x00000000c8a00000, 0x00000000c8b00000)
AC   0  F    TS     0 PTAMS 0x00000000c8b00000 NTAMS 0x00000000c8b00000 space 1024K,   0% used [0x00000000c8b00000, 0x00000000c8c00000)
AC   0  F    TS     0 PTAMS 0x00000000c8c00000 NTAMS 0x00000000c8c00000 space 1024K,   0% used [0x00000000c8c00000, 0x00000000c8d00000)
AC   0  F    TS     0 PTAMS 0x00000000c8d00000 NTAMS 0x00000000c8d00000 space 1024K,   0% used [0x00000000c8d00000, 0x00000000c8e00000)
AC   0  F    TS     0 PTAMS 0x00000000c8e00000 NTAMS 0x00000000c8e00000 space 1024K,   0% used [0x00000000c8e00000, 0x00000000c8f00000)
AC   0  F    TS     0 PTAMS 0x00000000c8f00000 NTAMS 0x00000000c8f00000 space 1024K,   0% used [0x00000000c8f00000, 0x00000000c9000000)
AC   0  F    TS     0 PTAMS 0x00000000c9000000 NTAMS 0x00000000c9000000 space 1024K,   0% used [0x00000000c9000000, 0x00000000c9100000)
AC   0  F    TS     0 PTAMS 0x00000000c9100000 NTAMS 0x00000000c9100000 space 1024K,   0% used [0x00000000c9100000, 0x00000000c9200000)
AC   0  F    TS     0 PTAMS 0x00000000c9200000 NTAMS 0x00000000c9200000 space 1024K,   0% used [0x00000000c9200000, 0x00000000c9300000)
AC   0  F    TS     0 PTAMS 0x00000000c9300000 NTAMS 0x00000000c9300000 space 1024K,   0% used [0x00000000c9300000, 0x00000000c9400000)
AC   0  F    TS     0 PTAMS 0x00000000c9400000 NTAMS 0x00000000c9400000 space 1024K,   0% used [0x00000000c9400000, 0x00000000c9500000)
AC   0  F    TS     0 PTAMS 0x00000000c9500000 NTAMS 0x00000000c9500000 space 1024K,   0% used [0x00000000c9500000, 0x00000000c9600000)
AC   0  F    TS     0 PTAMS 0x00000000c9600000 NTAMS 0x00000000c9600000 space 1024K,   0% used [0x00000000c9600000, 0x00000000c9700000)
AC   0  F    TS     0 PTAMS 0x00000000c9700000 NTAMS 0x00000000c9700000 space 1024K,   0% used [0x00000000c9700000, 0x00000000c9800000)
AC   0  F    TS     0 PTAMS 0x00000000c9800000 NTAMS 0x00000000c9800000 space 1024K,   0% used [0x00000000c9800000, 0x00000000c9900000)
AC   0  F    TS     0 PTAMS 0x00000000c9900000 NTAMS 0x00000000c9900000 space 1024K,   0% used [0x00000000c9900000, 0x00000000c9a00000)
AC   0  F    TS     0 PTAMS 0x00000000c9a00000 NTAMS 0x00000000c9a00000 space 1024K,   0% used [0x00000000c9a00000, 0x00000000c9b00000)
AC   0  F    TS     0 PTAMS 0x00000000c9b00000 NTAMS 0x00000000c9b00000 space 1024K,   0% used [0x00000000c9b00000, 0x00000000c9c00000)
AC   0  F    TS     0 PTAMS 0x00000000c9c00000 NTAMS 0x00000000c9c00000 space 1024K,   0% used [0x00000000c9c00000, 0x00000000c9d00000)
AC   0  F    TS     0 PTAMS 0x00000000c9d00000 NTAMS 0x00000000c9d00000 space 1024K,   0% used [0x00000000c9d00000, 0x00000000c9e00000)
AC   0  F    TS     0 PTAMS 0x00000000c9e00000 NTAMS 0x00000000c9e00000 space 1024K,   0% used [0x00000000c9e00000, 0x00000000c9f00000)
AC   0  F    TS     0 PTAMS 0x00000000c9f00000 NTAMS 0x00000000c9f00000 space 1024K,   0% used [0x00000000c9f00000, 0x00000000ca000000)
AC   0  F    TS     0 PTAMS 0x00000000ca000000 NTAMS 0x00000000ca000000 space 1024K,   0% used [0x00000000ca000000, 0x00000000ca100000)
AC   0  F    TS     0 PTAMS 0x00000000ca100000 NTAMS 0x00000000ca100000 space 1024K,   0% used [0x00000000ca100000, 0x00000000ca200000)
AC   0  F    TS     0 PTAMS 0x00000000ca200000 NTAMS 0x00000000ca200000 space 1024K,   0% used [0x00000000ca200000, 0x00000000ca300000)
AC   0  F    TS     0 PTAMS 0x00000000ca300000 NTAMS 0x00000000ca300000 space 1024K,   0% used [0x00000000ca300000, 0x00000000ca400000)
AC   0  F    TS     0 PTAMS 0x00000000ca400000 NTAMS 0x00000000ca400000 space 1024K,   0% used [0x00000000ca400000, 0x00000000ca500000)
AC   0  F    TS     0 PTAMS 0x00000000ca500000 NTAMS 0x00000000ca500000 space 1024K,   0% used [0x00000000ca500000, 0x00000000ca600000)
AC   0  F    TS     0 PTAMS 0x00000000ca600000 NTAMS 0x00000000ca600000 space 1024K,   0% used [0x00000000ca600000, 0x00000000ca700000)
AC   0  F    TS     0 PTAMS 0x00000000ca700000 NTAMS 0x00000000ca700000 space 1024K,   0% used [0x00000000ca700000, 0x00000000ca800000)
AC   0  F    TS     0 PTAMS 0x00000000ca800000 NTAMS 0x00000000ca800000 space 1024K,   0% used [0x00000000ca800000, 0x00000000ca900000)
AC   0  F    TS     0 PTAMS 0x00000000ca900000 NTAMS 0x00000000ca900000 space 1024K,   0% used [0x00000000ca900000, 0x00000000caa00000)
AC   0  F    TS     0 PTAMS 0x00000000caa00000 NTAMS 0x00000000caa00000 space 1024K,   0% used [0x00000000caa00000, 0x00000000cab00000)
AC   0  F    TS     0 PTAMS 0x00000000cab00000 NTAMS 0x00000000cab00000 space 1024K,   0% used [0x00000000cab00000, 0x00000000cac00000)
AC   0  F    TS     0 PTAMS 0x00000000cac00000 NTAMS 0x00000000cac00000 space 1024K,   0% used [0x00000000cac00000, 0x00000000cad00000)
AC   0  F    TS     0 PTAMS 0x00000000cad00000 NTAMS 0x00000000cad00000 space 1024K,   0% used [0x00000000cad00000, 0x00000000cae00000)
AC   0  F    TS     0 PTAMS 0x00000000cae00000 NTAMS 0x00000000cae00000 space 1024K,   0% used [0x00000000cae00000, 0x00000000caf00000)
AC   0  F    TS     0 PTAMS 0x00000000caf00000 NTAMS 0x00000000caf00000 space 1024K,   0% used [0x00000000caf00000, 0x00000000cb000000)
AC   0  F    TS     0 PTAMS 0x00000000cb000000 NTAMS 0x00000000cb000000 space 1024K,   0% used [0x00000000cb000000, 0x00000000cb100000)
AC   0  F    TS     0 PTAMS 0x00000000cb100000 NTAMS 0x00000000cb100000 space 1024K,   0% used [0x00000000cb100000, 0x00000000cb200000)
AC   0  F    TS     0 PTAMS 0x00000000cb200000 NTAMS 0x00000000cb200000 space 1024K,   0% used [0x00000000cb200000, 0x00000000cb300000)
AC   0  F    TS     0 PTAMS 0x00000000cb300000 NTAMS 0x00000000cb300000 space 1024K,   0% used [0x00000000cb300000, 0x00000000cb400000)
AC   0  F    TS     0 PTAMS 0x00000000cb400000 NTAMS 0x00000000cb400000 space 1024K,   0% used [0x00000000cb400000, 0x00000000cb500000)
AC   0  F    TS     0 PTAMS 0x00000000cb500000 NTAMS 0x00000000cb500000 space 1024K,   0% used [0x00000000cb500000, 0x00000000cb600000)
AC   0  F    TS     0 PTAMS 0x00000000cb600000 NTAMS 0x00000000cb600000 space 1024K,   0% used [0x00000000cb600000, 0x00000000cb700000)
AC   0  F    TS     0 PTAMS 0x00000000cb700000 NTAMS 0x00000000cb700000 space 1024K,   0% used [0x00000000cb700000, 0x00000000cb800000)
AC   0  F    TS     0 PTAMS 0x00000000cb800000 NTAMS 0x00000000cb800000 space 1024K,   0% used [0x00000000cb800000, 0x00000000cb900000)
AC   0  F    TS     0 PTAMS 0x00000000cb900000 NTAMS 0x00000000cb900000 space 1024K,   0% used [0x00000000cb900000, 0x00000000cba00000)
AC   0  F    TS     0 PTAMS 0x00000000cba00000 NTAMS 0x00000000cba00000 space 1024K,   0% used [0x00000000cba00000, 0x00000000cbb00000)
AC   0  F    TS     0 PTAMS 0x00000000cbb00000 NTAMS 0x00000000cbb00000 space 1024K,   0% used [0x00000000cbb00000, 0x00000000cbc00000)
AC   0  F    TS     0 PTAMS 0x00000000cbc00000 NTAMS 0x00000000cbc00000 space 1024K,   0% used [0x00000000cbc00000, 0x00000000cbd00000)
AC   0  F    TS     0 PTAMS 0x00000000cbd00000 NTAMS 0x00000000cbd00000 space 1024K,   0% used [0x00000000cbd00000, 0x00000000cbe00000)
AC   0  F    TS     0 PTAMS 0x00000000cbe00000 NTAMS 0x00000000cbe00000 space 1024K,   0% used [0x00000000cbe00000, 0x00000000cbf00000)
AC   0  F    TS     0 PTAMS 0x00000000cbf00000 NTAMS 0x00000000cbf00000 space 1024K,   0% used [0x00000000cbf00000, 0x00000000cc000000)
AC   0  F    TS     0 PTAMS 0x00000000cc000000 NTAMS 0x00000000cc000000 space 1024K,   0% used [0x00000000cc000000, 0x00000000cc100000)
AC   0  F    TS     0 PTAMS 0x00000000cc100000 NTAMS 0x00000000cc100000 space 1024K,   0% used [0x00000000cc100000, 0x00000000cc200000)
AC   0  F    TS     0 PTAMS 0x00000000cc200000 NTAMS 0x00000000cc200000 space 1024K,   0% used [0x00000000cc200000, 0x00000000cc300000)
AC   0  F    TS     0 PTAMS 0x00000000cc300000 NTAMS 0x00000000cc300000 space 1024K,   0% used [0x00000000cc300000, 0x00000000cc400000)
AC   0  F    TS     0 PTAMS 0x00000000cc400000 NTAMS 0x00000000cc400000 space 1024K,   0% used [0x00000000cc400000, 0x00000000cc500000)
AC   0  F    TS     0 PTAMS 0x00000000cc500000 NTAMS 0x00000000cc500000 space 1024K,   0% used [0x00000000cc500000, 0x00000000cc600000)
AC   0  F    TS     0 PTAMS 0x00000000cc600000 NTAMS 0x00000000cc600000 space 1024K,   0% used [0x00000000cc600000, 0x00000000cc700000)
AC   0  F    TS     0 PTAMS 0x00000000cc700000 NTAMS 0x00000000cc700000 space 1024K,   0% used [0x00000000cc700000, 0x00000000cc800000)
AC   0  F    TS     0 PTAMS 0x00000000cc800000 NTAMS 0x00000000cc800000 space 1024K,   0% used [0x00000000cc800000, 0x00000000cc900000)
AC   0  F    TS     0 PTAMS 0x00000000cc900000 NTAMS 0x00000000cc900000 space 1024K,   0% used [0x00000000cc900000, 0x00000000cca00000)
AC   0  F    TS     0 PTAMS 0x00000000cca00000 NTAMS 0x00000000cca00000 space 1024K,   0% used [0x00000000cca00000, 0x00000000ccb00000)
AC   0  F    TS     0 PTAMS 0x00000000ccb00000 NTAMS 0x00000000ccb00000 space 1024K,   0% used [0x00000000ccb00000, 0x00000000ccc00000)
AC   0  F    TS     0 PTAMS 0x00000000ccc00000 NTAMS 0x00000000ccc00000 space 1024K,   0% used [0x00000000ccc00000, 0x00000000ccd00000)
AC   0  F    TS     0 PTAMS 0x00000000ccd00000 NTAMS 0x00000000ccd00000 space 1024K,   0% used [0x00000000ccd00000, 0x00000000cce00000)
AC   0  F    TS     0 PTAMS 0x00000000cce00000 NTAMS 0x00000000cce00000 space 1024K,   0% used [0x00000000cce00000, 0x00000000ccf00000)
AC   0  F    TS     0 PTAMS 0x00000000ccf00000 NTAMS 0x00000000ccf00000 space 1024K,   0% used [0x00000000ccf00000, 0x00000000cd000000)
AC   0  F    TS     0 PTAMS 0x00000000cd000000 NTAMS 0x00000000cd000000 space 1024K,   0% used [0x00000000cd000000, 0x00000000cd100000)
AC   0  F    TS     0 PTAMS 0x00000000cd100000 NTAMS 0x00000000cd100000 space 1024K,   0% used [0x00000000cd100000, 0x00000000cd200000)
AC   0  F    TS     0 PTAMS 0x00000000cd200000 NTAMS 0x00000000cd200000 space 1024K,   0% used [0x00000000cd200000, 0x00000000cd300000)
AC   0  F    TS     0 PTAMS 0x00000000cd300000 NTAMS 0x00000000cd300000 space 1024K,   0% used [0x00000000cd300000, 0x00000000cd400000)
AC   0  F    TS     0 PTAMS 0x00000000cd400000 NTAMS 0x00000000cd400000 space 1024K,   0% used [0x00000000cd400000, 0x00000000cd500000)
AC   0  F    TS     0 PTAMS 0x00000000cd500000 NTAMS 0x00000000cd500000 space 1024K,   0% used [0x00000000cd500000, 0x00000000cd600000)
AC   0  F    TS     0 PTAMS 0x00000000cd600000 NTAMS 0x00000000cd600000 space 1024K,   0% used [0x00000000cd600000, 0x00000000cd700000)
AC   0  F    TS     0 PTAMS 0x00000000cd700000 NTAMS 0x00000000cd700000 space 1024K,   0% used [0x00000000cd700000, 0x00000000cd800000)
AC   0  F    TS     0 PTAMS 0x00000000cd800000 NTAMS 0x00000000cd800000 space 1024K,   0% used [0x00000000cd800000, 0x00000000cd900000)
AC   0  F    TS     0 PTAMS 0x00000000cd900000 NTAMS 0x00000000cd900000 space 1024K,   0% used [0x00000000cd900000, 0x00000000cda00000)
AC   0  F    TS     0 PTAMS 0x00000000cda00000 NTAMS 0x00000000cda00000 space 1024K,   0% used [0x00000000cda00000, 0x00000000cdb00000)
AC   0  F    TS     0 PTAMS 0x00000000cdb00000 NTAMS 0x00000000cdb00000 space 1024K,   0% used [0x00000000cdb00000, 0x00000000cdc00000)
AC   0  F    TS     0 PTAMS 0x00000000cdc00000 NTAMS 0x00000000cdc00000 space 1024K,   0% used [0x00000000cdc00000, 0x00000000cdd00000)
AC   0  F    TS     0 PTAMS 0x00000000cdd00000 NTAMS 0x00000000cdd00000 space 1024K,   0% used [0x00000000cdd00000, 0x00000000cde00000)
AC   0  F    TS     0 PTAMS 0x00000000cde00000 NTAMS 0x00000000cde00000 space 1024K,   0% used [0x00000000cde00000, 0x00000000cdf00000)
AC   0  F    TS     0 PTAMS 0x00000000cdf00000 NTAMS 0x00000000cdf00000 space 1024K,   0% used [0x00000000cdf00000, 0x00000000ce000000)
AC   0  F    TS     0 PTAMS 0x00000000ce000000 NTAMS 0x00000000ce000000 space 1024K,   0% used [0x00000000ce000000, 0x00000000ce100000)
AC   0  F    TS     0 PTAMS 0x00000000ce100000 NTAMS 0x00000000ce100000 space 1024K,   0% used [0x00000000ce100000, 0x00000000ce200000)
AC   0  F    TS     0 PTAMS 0x00000000ce200000 NTAMS 0x00000000ce200000 space 1024K,   0% used [0x00000000ce200000, 0x00000000ce300000)
AC   0  F    TS     0 PTAMS 0x00000000ce300000 NTAMS 0x00000000ce300000 space 1024K,   0% used [0x00000000ce300000, 0x00000000ce400000)
AC   0  F    TS     0 PTAMS 0x00000000ce400000 NTAMS 0x00000000ce400000 space 1024K,   0% used [0x00000000ce400000, 0x00000000ce500000)
AC   0  F    TS     0 PTAMS 0x00000000ce500000 NTAMS 0x00000000ce500000 space 1024K,   0% used [0x00000000ce500000, 0x00000000ce600000)
AC   0  F    TS     0 PTAMS 0x00000000ce600000 NTAMS 0x00000000ce600000 space 1024K,   0% used [0x00000000ce600000, 0x00000000ce700000)
AC   0  F    TS     0 PTAMS 0x00000000ce700000 NTAMS 0x00000000ce700000 space 1024K,   0% used [0x00000000ce700000, 0x00000000ce800000)
AC   0  F    TS     0 PTAMS 0x00000000ce800000 NTAMS 0x00000000ce800000 space 1024K,   0% used [0x00000000ce800000, 0x00000000ce900000)
AC   0  F    TS     0 PTAMS 0x00000000ce900000 NTAMS 0x00000000ce900000 space 1024K,   0% used [0x00000000ce900000, 0x00000000cea00000)
AC   0  F    TS     0 PTAMS 0x00000000cea00000 NTAMS 0x00000000cea00000 space 1024K,   0% used [0x00000000cea00000, 0x00000000ceb00000)
AC   0  F    TS     0 PTAMS 0x00000000ceb00000 NTAMS 0x00000000ceb00000 space 1024K,   0% used [0x00000000ceb00000, 0x00000000cec00000)
AC   0  F    TS     0 PTAMS 0x00000000cec00000 NTAMS 0x00000000cec00000 space 1024K,   0% used [0x00000000cec00000, 0x00000000ced00000)
AC   0  F    TS     0 PTAMS 0x00000000ced00000 NTAMS 0x00000000ced00000 space 1024K,   0% used [0x00000000ced00000, 0x00000000cee00000)
AC   0  F    TS     0 PTAMS 0x00000000cee00000 NTAMS 0x00000000cee00000 space 1024K,   0% used [0x00000000cee00000, 0x00000000cef00000)
AC   0  F    TS     0 PTAMS 0x00000000cef00000 NTAMS 0x00000000cef00000 space 1024K,   0% used [0x00000000cef00000, 0x00000000cf000000)
AC   0  F    TS     0 PTAMS 0x00000000cf000000 NTAMS 0x00000000cf000000 space 1024K,   0% used [0x00000000cf000000, 0x00000000cf100000)
AC   0  F    TS     0 PTAMS 0x00000000cf100000 NTAMS 0x00000000cf100000 space 1024K,   0% used [0x00000000cf100000, 0x00000000cf200000)
AC   0  F    TS     0 PTAMS 0x00000000cf200000 NTAMS 0x00000000cf200000 space 1024K,   0% used [0x00000000cf200000, 0x00000000cf300000)
AC   0  F    TS     0 PTAMS 0x00000000cf300000 NTAMS 0x00000000cf300000 space 1024K,   0% used [0x00000000cf300000, 0x00000000cf400000)
AC   0  F    TS     0 PTAMS 0x00000000cf400000 NTAMS 0x00000000cf400000 space 1024K,   0% used [0x00000000cf400000, 0x00000000cf500000)
AC   0  F    TS     0 PTAMS 0x00000000cf500000 NTAMS 0x00000000cf500000 space 1024K,   0% used [0x00000000cf500000, 0x00000000cf600000)
AC   0  F    TS     0 PTAMS 0x00000000cf600000 NTAMS 0x00000000cf600000 space 1024K,   0% used [0x00000000cf600000, 0x00000000cf700000)
AC   0  F    TS     0 PTAMS 0x00000000cf700000 NTAMS 0x00000000cf700000 space 1024K,   0% used [0x00000000cf700000, 0x00000000cf800000)
AC   0  F    TS     0 PTAMS 0x00000000cf800000 NTAMS 0x00000000cf800000 space 1024K,   0% used [0x00000000cf800000, 0x00000000cf900000)
AC   0  F    TS     0 PTAMS 0x00000000cf900000 NTAMS 0x00000000cf900000 space 1024K,   0% used [0x00000000cf900000, 0x00000000cfa00000)
AC   0  F    TS     0 PTAMS 0x00000000cfa00000 NTAMS 0x00000000cfa00000 space 1024K,   0% used [0x00000000cfa00000, 0x00000000cfb00000)
AC   0  F    TS     0 PTAMS 0x00000000cfb00000 NTAMS 0x00000000cfb00000 space 1024K,   0% used [0x00000000cfb00000, 0x00000000cfc00000)
AC   0  F    TS     0 PTAMS 0x00000000cfc00000 NTAMS 0x00000000cfc00000 space 1024K,   0% used [0x00000000cfc00000, 0x00000000cfd00000)
AC   0  F    TS     0 PTAMS 0x00000000cfd00000 NTAMS 0x00000000cfd00000 space 1024K,   0% used [0x00000000cfd00000, 0x00000000cfe00000)
AC   0  F    TS     0 PTAMS 0x00000000cfe00000 NTAMS 0x00000000cfe00000 space 1024K,   0% used [0x00000000cfe00000, 0x00000000cff00000)
AC   0  F    TS     0 PTAMS 0x00000000cff00000 NTAMS 0x00000000cff00000 space 1024K,   0% used [0x00000000cff00000, 0x00000000d0000000)
AC   0  F    TS     0 PTAMS 0x00000000d0000000 NTAMS 0x00000000d0000000 space 1024K,   0% used [0x00000000d0000000, 0x00000000d0100000)
AC   0  F    TS     0 PTAMS 0x00000000d0100000 NTAMS 0x00000000d0100000 space 1024K,   0% used [0x00000000d0100000, 0x00000000d0200000)
AC   0  F    TS     0 PTAMS 0x00000000d0200000 NTAMS 0x00000000d0200000 space 1024K,   0% used [0x00000000d0200000, 0x00000000d0300000)
AC   0  F    TS     0 PTAMS 0x00000000d0300000 NTAMS 0x00000000d0300000 space 1024K,   0% used [0x00000000d0300000, 0x00000000d0400000)
AC   0  F    TS     0 PTAMS 0x00000000d0400000 NTAMS 0x00000000d0400000 space 1024K,   0% used [0x00000000d0400000, 0x00000000d0500000)
AC   0  F    TS     0 PTAMS 0x00000000d0500000 NTAMS 0x00000000d0500000 space 1024K,   0% used [0x00000000d0500000, 0x00000000d0600000)
AC   0  F    TS     0 PTAMS 0x00000000d0600000 NTAMS 0x00000000d0600000 space 1024K,   0% used [0x00000000d0600000, 0x00000000d0700000)
AC   0  F    TS     0 PTAMS 0x00000000d0700000 NTAMS 0x00000000d0700000 space 1024K,   0% used [0x00000000d0700000, 0x00000000d0800000)
AC   0  F    TS     0 PTAMS 0x00000000d0800000 NTAMS 0x00000000d0800000 space 1024K,   0% used [0x00000000d0800000, 0x00000000d0900000)
AC   0  F    TS     0 PTAMS 0x00000000d0900000 NTAMS 0x00000000d0900000 space 1024K,   0% used [0x00000000d0900000, 0x00000000d0a00000)
AC   0  F    TS     0 PTAMS 0x00000000d0a00000 NTAMS 0x00000000d0a00000 space 1024K,   0% used [0x00000000d0a00000, 0x00000000d0b00000)
AC   0  F    TS     0 PTAMS 0x00000000d0b00000 NTAMS 0x00000000d0b00000 space 1024K,   0% used [0x00000000d0b00000, 0x00000000d0c00000)
AC   0  F    TS     0 PTAMS 0x00000000d0c00000 NTAMS 0x00000000d0c00000 space 1024K,   0% used [0x00000000d0c00000, 0x00000000d0d00000)
AC   0  F    TS     0 PTAMS 0x00000000d0d00000 NTAMS 0x00000000d0d00000 space 1024K,   0% used [0x00000000d0d00000, 0x00000000d0e00000)
AC   0  F    TS     0 PTAMS 0x00000000d0e00000 NTAMS 0x00000000d0e00000 space 1024K,   0% used [0x00000000d0e00000, 0x00000000d0f00000)
AC   0  F    TS     0 PTAMS 0x00000000d0f00000 NTAMS 0x00000000d0f00000 space 1024K,   0% used [0x00000000d0f00000, 0x00000000d1000000)
AC   0  F    TS     0 PTAMS 0x00000000d1000000 NTAMS 0x00000000d1000000 space 1024K,   0% used [0x00000000d1000000, 0x00000000d1100000)
AC   0  F    TS     0 PTAMS 0x00000000d1100000 NTAMS 0x00000000d1100000 space 1024K,   0% used [0x00000000d1100000, 0x00000000d1200000)
AC   0  F    TS     0 PTAMS 0x00000000d1200000 NTAMS 0x00000000d1200000 space 1024K,   0% used [0x00000000d1200000, 0x00000000d1300000)
AC   0  F    TS     0 PTAMS 0x00000000d1300000 NTAMS 0x00000000d1300000 space 1024K,   0% used [0x00000000d1300000, 0x00000000d1400000)
AC   0  F    TS     0 PTAMS 0x00000000d1400000 NTAMS 0x00000000d1400000 space 1024K,   0% used [0x00000000d1400000, 0x00000000d1500000)
AC   0  F    TS     0 PTAMS 0x00000000d1500000 NTAMS 0x00000000d1500000 space 1024K,   0% used [0x00000000d1500000, 0x00000000d1600000)
AC   0  F    TS     0 PTAMS 0x00000000d1600000 NTAMS 0x00000000d1600000 space 1024K,   0% used [0x00000000d1600000, 0x00000000d1700000)
AC   0  F    TS     0 PTAMS 0x00000000d1700000 NTAMS 0x00000000d1700000 space 1024K,   0% used [0x00000000d1700000, 0x00000000d1800000)
AC   0  F    TS     0 PTAMS 0x00000000d1800000 NTAMS 0x00000000d1800000 space 1024K,   0% used [0x00000000d1800000, 0x00000000d1900000)
AC   0  F    TS     0 PTAMS 0x00000000d1900000 NTAMS 0x00000000d1900000 space 1024K,   0% used [0x00000000d1900000, 0x00000000d1a00000)
AC   0  F    TS     0 PTAMS 0x00000000d1a00000 NTAMS 0x00000000d1a00000 space 1024K,   0% used [0x00000000d1a00000, 0x00000000d1b00000)
AC   0  F    TS     0 PTAMS 0x00000000d1b00000 NTAMS 0x00000000d1b00000 space 1024K,   0% used [0x00000000d1b00000, 0x00000000d1c00000)
AC   0  F    TS     0 PTAMS 0x00000000d1c00000 NTAMS 0x00000000d1c00000 space 1024K,   0% used [0x00000000d1c00000, 0x00000000d1d00000)
AC   0  F    TS     0 PTAMS 0x00000000d1d00000 NTAMS 0x00000000d1d00000 space 1024K,   0% used [0x00000000d1d00000, 0x00000000d1e00000)
AC   0  F    TS     0 PTAMS 0x00000000d1e00000 NTAMS 0x00000000d1e00000 space 1024K,   0% used [0x00000000d1e00000, 0x00000000d1f00000)
AC   0  F    TS     0 PTAMS 0x00000000d1f00000 NTAMS 0x00000000d1f00000 space 1024K,   0% used [0x00000000d1f00000, 0x00000000d2000000)
AC   0  F    TS     0 PTAMS 0x00000000d2000000 NTAMS 0x00000000d2000000 space 1024K,   0% used [0x00000000d2000000, 0x00000000d2100000)
AC   0  F    TS     0 PTAMS 0x00000000d2100000 NTAMS 0x00000000d2100000 space 1024K,   0% used [0x00000000d2100000, 0x00000000d2200000)
AC   0  F    TS     0 PTAMS 0x00000000d2200000 NTAMS 0x00000000d2200000 space 1024K,   0% used [0x00000000d2200000, 0x00000000d2300000)
AC   0  F    TS     0 PTAMS 0x00000000d2300000 NTAMS 0x00000000d2300000 space 1024K,   0% used [0x00000000d2300000, 0x00000000d2400000)
AC   0  F    TS     0 PTAMS 0x00000000d2400000 NTAMS 0x00000000d2400000 space 1024K,   0% used [0x00000000d2400000, 0x00000000d2500000)
AC   0  F    TS     0 PTAMS 0x00000000d2500000 NTAMS 0x00000000d2500000 space 1024K,   0% used [0x00000000d2500000, 0x00000000d2600000)
AC   0  F    TS     0 PTAMS 0x00000000d2600000 NTAMS 0x00000000d2600000 space 1024K,   0% used [0x00000000d2600000, 0x00000000d2700000)
AC   0  F    TS     0 PTAMS 0x00000000d2700000 NTAMS 0x00000000d2700000 space 1024K,   0% used [0x00000000d2700000, 0x00000000d2800000)
AC   0  F    TS     0 PTAMS 0x00000000d2800000 NTAMS 0x00000000d2800000 space 1024K,   0% used [0x00000000d2800000, 0x00000000d2900000)
AC   0  F    TS     0 PTAMS 0x00000000d2900000 NTAMS 0x00000000d2900000 space 1024K,   0% used [0x00000000d2900000, 0x00000000d2a00000)
AC   0  F    TS     0 PTAMS 0x00000000d2a00000 NTAMS 0x00000000d2a00000 space 1024K,   0% used [0x00000000d2a00000, 0x00000000d2b00000)
AC   0  F    TS     0 PTAMS 0x00000000d2b00000 NTAMS 0x00000000d2b00000 space 1024K,   0% used [0x00000000d2b00000, 0x00000000d2c00000)
AC   0  F    TS     0 PTAMS 0x00000000d2c00000 NTAMS 0x00000000d2c00000 space 1024K,   0% used [0x00000000d2c00000, 0x00000000d2d00000)
AC   0  F    TS     0 PTAMS 0x00000000d2d00000 NTAMS 0x00000000d2d00000 space 1024K,   0% used [0x00000000d2d00000, 0x00000000d2e00000)
AC   0  F    TS     0 PTAMS 0x00000000d2e00000 NTAMS 0x00000000d2e00000 space 1024K,   0% used [0x00000000d2e00000, 0x00000000d2f00000)
AC   0  F    TS     0 PTAMS 0x00000000d2f00000 NTAMS 0x00000000d2f00000 space 1024K,   0% used [0x00000000d2f00000, 0x00000000d3000000)
AC   0  F    TS     0 PTAMS 0x00000000d3000000 NTAMS 0x00000000d3000000 space 1024K,   0% used [0x00000000d3000000, 0x00000000d3100000)
AC   0  F    TS     0 PTAMS 0x00000000d3100000 NTAMS 0x00000000d3100000 space 1024K,   0% used [0x00000000d3100000, 0x00000000d3200000)
AC   0  F    TS     0 PTAMS 0x00000000d3200000 NTAMS 0x00000000d3200000 space 1024K,   0% used [0x00000000d3200000, 0x00000000d3300000)
AC   0  F    TS     0 PTAMS 0x00000000d3300000 NTAMS 0x00000000d3300000 space 1024K,   0% used [0x00000000d3300000, 0x00000000d3400000)
AC   0  F    TS     0 PTAMS 0x00000000d3400000 NTAMS 0x00000000d3400000 space 1024K,   0% used [0x00000000d3400000, 0x00000000d3500000)
AC   0  F    TS     0 PTAMS 0x00000000d3500000 NTAMS 0x00000000d3500000 space 1024K,   0% used [0x00000000d3500000, 0x00000000d3600000)
AC   0  F    TS     0 PTAMS 0x00000000d3600000 NTAMS 0x00000000d3600000 space 1024K,   0% used [0x00000000d3600000, 0x00000000d3700000)
AC   0  F    TS     0 PTAMS 0x00000000d3700000 NTAMS 0x00000000d3700000 space 1024K,   0% used [0x00000000d3700000, 0x00000000d3800000)
AC   0  F    TS     0 PTAMS 0x00000000d3800000 NTAMS 0x00000000d3800000 space 1024K,   0% used [0x00000000d3800000, 0x00000000d3900000)
AC   0  F    TS     0 PTAMS 0x00000000d3900000 NTAMS 0x00000000d3900000 space 1024K,   0% used [0x00000000d3900000, 0x00000000d3a00000)
AC   0  F    TS     0 PTAMS 0x00000000d3a00000 NTAMS 0x00000000d3a00000 space 1024K,   0% used [0x00000000d3a00000, 0x00000000d3b00000)
AC   0  F    TS     0 PTAMS 0x00000000d3b00000 NTAMS 0x00000000d3b00000 space 1024K,   0% used [0x00000000d3b00000, 0x00000000d3c00000)
AC   0  F    TS     0 PTAMS 0x00000000d3c00000 NTAMS 0x00000000d3c00000 space 1024K,   0% used [0x00000000d3c00000, 0x00000000d3d00000)
AC   0  F    TS     0 PTAMS 0x00000000d3d00000 NTAMS 0x00000000d3d00000 space 1024K,   0% used [0x00000000d3d00000, 0x00000000d3e00000)
AC   0  F    TS     0 PTAMS 0x00000000d3e00000 NTAMS 0x00000000d3e00000 space 1024K,   0% used [0x00000000d3e00000, 0x00000000d3f00000)
AC   0  F    TS     0 PTAMS 0x00000000d3f00000 NTAMS 0x00000000d3f00000 space 1024K,   0% used [0x00000000d3f00000, 0x00000000d4000000)
AC   0  F    TS     0 PTAMS 0x00000000d4000000 NTAMS 0x00000000d4000000 space 1024K,   0% used [0x00000000d4000000, 0x00000000d4100000)
AC   0  F    TS     0 PTAMS 0x00000000d4100000 NTAMS 0x00000000d4100000 space 1024K,   0% used [0x00000000d4100000, 0x00000000d4200000)
AC   0  F    TS     0 PTAMS 0x00000000d4200000 NTAMS 0x00000000d4200000 space 1024K,   0% used [0x00000000d4200000, 0x00000000d4300000)
AC   0  F    TS     0 PTAMS 0x00000000d4300000 NTAMS 0x00000000d4300000 space 1024K,   0% used [0x00000000d4300000, 0x00000000d4400000)
AC   0  F    TS     0 PTAMS 0x00000000d4400000 NTAMS 0x00000000d4400000 space 1024K,   0% used [0x00000000d4400000, 0x00000000d4500000)
AC   0  F    TS     0 PTAMS 0x00000000d4500000 NTAMS 0x00000000d4500000 space 1024K,   0% used [0x00000000d4500000, 0x00000000d4600000)
AC   0  F    TS     0 PTAMS 0x00000000d4600000 NTAMS 0x00000000d4600000 space 1024K,   0% used [0x00000000d4600000, 0x00000000d4700000)
AC   0  F    TS     0 PTAMS 0x00000000d4700000 NTAMS 0x00000000d4700000 space 1024K,   0% used [0x00000000d4700000, 0x00000000d4800000)
AC   0  F    TS     0 PTAMS 0x00000000d4800000 NTAMS 0x00000000d4800000 space 1024K,   0% used [0x00000000d4800000, 0x00000000d4900000)
AC   0  F    TS     0 PTAMS 0x00000000d4900000 NTAMS 0x00000000d4900000 space 1024K,   0% used [0x00000000d4900000, 0x00000000d4a00000)
AC   0  F    TS     0 PTAMS 0x00000000d4a00000 NTAMS 0x00000000d4a00000 space 1024K,   0% used [0x00000000d4a00000, 0x00000000d4b00000)
AC   0  F    TS     0 PTAMS 0x00000000d4b00000 NTAMS 0x00000000d4b00000 space 1024K,   0% used [0x00000000d4b00000, 0x00000000d4c00000)
AC   0  F    TS     0 PTAMS 0x00000000d4c00000 NTAMS 0x00000000d4c00000 space 1024K,   0% used [0x00000000d4c00000, 0x00000000d4d00000)
AC   0  F    TS     0 PTAMS 0x00000000d4d00000 NTAMS 0x00000000d4d00000 space 1024K,   0% used [0x00000000d4d00000, 0x00000000d4e00000)
AC   0  F    TS     0 PTAMS 0x00000000d4e00000 NTAMS 0x00000000d4e00000 space 1024K,   0% used [0x00000000d4e00000, 0x00000000d4f00000)
AC   0  F    TS     0 PTAMS 0x00000000d4f00000 NTAMS 0x00000000d4f00000 space 1024K,   0% used [0x00000000d4f00000, 0x00000000d5000000)
AC   0  F    TS     0 PTAMS 0x00000000d5000000 NTAMS 0x00000000d5000000 space 1024K,   0% used [0x00000000d5000000, 0x00000000d5100000)
AC   0  F    TS     0 PTAMS 0x00000000d5100000 NTAMS 0x00000000d5100000 space 1024K,   0% used [0x00000000d5100000, 0x00000000d5200000)
AC   0  F    TS     0 PTAMS 0x00000000d5200000 NTAMS 0x00000000d5200000 space 1024K,   0% used [0x00000000d5200000, 0x00000000d5300000)
AC   0  F    TS     0 PTAMS 0x00000000d5300000 NTAMS 0x00000000d5300000 space 1024K,   0% used [0x00000000d5300000, 0x00000000d5400000)
AC   0  F    TS     0 PTAMS 0x00000000d5400000 NTAMS 0x00000000d5400000 space 1024K,   0% used [0x00000000d5400000, 0x00000000d5500000)
AC   0  F    TS     0 PTAMS 0x00000000d5500000 NTAMS 0x00000000d5500000 space 1024K,   0% used [0x00000000d5500000, 0x00000000d5600000)
AC   0  F    TS     0 PTAMS 0x00000000d5600000 NTAMS 0x00000000d5600000 space 1024K,   0% used [0x00000000d5600000, 0x00000000d5700000)
AC   0  F    TS     0 PTAMS 0x00000000d5700000 NTAMS 0x00000000d5700000 space 1024K,   0% used [0x00000000d5700000, 0x00000000d5800000)
AC   0  F    TS     0 PTAMS 0x00000000d5800000 NTAMS 0x00000000d5800000 space 1024K,   0% used [0x00000000d5800000, 0x00000000d5900000)
AC   0  F    TS     0 PTAMS 0x00000000d5900000 NTAMS 0x00000000d5900000 space 1024K,   0% used [0x00000000d5900000, 0x00000000d5a00000)
AC   0  F    TS     0 PTAMS 0x00000000d5a00000 NTAMS 0x00000000d5a00000 space 1024K,   0% used [0x00000000d5a00000, 0x00000000d5b00000)
AC   0  F    TS     0 PTAMS 0x00000000d5b00000 NTAMS 0x00000000d5b00000 space 1024K,   0% used [0x00000000d5b00000, 0x00000000d5c00000)
AC   0  F    TS     0 PTAMS 0x00000000d5c00000 NTAMS 0x00000000d5c00000 space 1024K,   0% used [0x00000000d5c00000, 0x00000000d5d00000)
AC   0  F    TS     0 PTAMS 0x00000000d5d00000 NTAMS 0x00000000d5d00000 space 1024K,   0% used [0x00000000d5d00000, 0x00000000d5e00000)
AC   0  F    TS     0 PTAMS 0x00000000d5e00000 NTAMS 0x00000000d5e00000 space 1024K,   0% used [0x00000000d5e00000, 0x00000000d5f00000)
AC   0  F    TS     0 PTAMS 0x00000000d5f00000 NTAMS 0x00000000d5f00000 space 1024K,   0% used [0x00000000d5f00000, 0x00000000d6000000)
AC   0  F    TS     0 PTAMS 0x00000000d6000000 NTAMS 0x00000000d6000000 space 1024K,   0% used [0x00000000d6000000, 0x00000000d6100000)
AC   0  F    TS     0 PTAMS 0x00000000d6100000 NTAMS 0x00000000d6100000 space 1024K,   0% used [0x00000000d6100000, 0x00000000d6200000)
AC   0  F    TS     0 PTAMS 0x00000000d6200000 NTAMS 0x00000000d6200000 space 1024K,   0% used [0x00000000d6200000, 0x00000000d6300000)
AC   0  F    TS     0 PTAMS 0x00000000d6300000 NTAMS 0x00000000d6300000 space 1024K,   0% used [0x00000000d6300000, 0x00000000d6400000)
AC   0  F    TS     0 PTAMS 0x00000000d6400000 NTAMS 0x00000000d6400000 space 1024K,   0% used [0x00000000d6400000, 0x00000000d6500000)
AC   0  F    TS     0 PTAMS 0x00000000d6500000 NTAMS 0x00000000d6500000 space 1024K,   0% used [0x00000000d6500000, 0x00000000d6600000)
AC   0  F    TS     0 PTAMS 0x00000000d6600000 NTAMS 0x00000000d6600000 space 1024K,   0% used [0x00000000d6600000, 0x00000000d6700000)
AC   0  F    TS     0 PTAMS 0x00000000d6700000 NTAMS 0x00000000d6700000 space 1024K,   0% used [0x00000000d6700000, 0x00000000d6800000)
AC   0  F    TS     0 PTAMS 0x00000000d6800000 NTAMS 0x00000000d6800000 space 1024K,   0% used [0x00000000d6800000, 0x00000000d6900000)
AC   0  F    TS     0 PTAMS 0x00000000d6900000 NTAMS 0x00000000d6900000 space 1024K,   0% used [0x00000000d6900000, 0x00000000d6a00000)
AC   0  F    TS     0 PTAMS 0x00000000d6a00000 NTAMS 0x00000000d6a00000 space 1024K,   0% used [0x00000000d6a00000, 0x00000000d6b00000)
AC   0  F    TS     0 PTAMS 0x00000000d6b00000 NTAMS 0x00000000d6b00000 space 1024K,   0% used [0x00000000d6b00000, 0x00000000d6c00000)
AC   0  F    TS     0 PTAMS 0x00000000d6c00000 NTAMS 0x00000000d6c00000 space 1024K,   0% used [0x00000000d6c00000, 0x00000000d6d00000)
AC   0  F    TS     0 PTAMS 0x00000000d6d00000 NTAMS 0x00000000d6d00000 space 1024K,   0% used [0x00000000d6d00000, 0x00000000d6e00000)
AC   0  F    TS     0 PTAMS 0x00000000d6e00000 NTAMS 0x00000000d6e00000 space 1024K,   0% used [0x00000000d6e00000, 0x00000000d6f00000)
AC   0  F    TS     0 PTAMS 0x00000000d6f00000 NTAMS 0x00000000d6f00000 space 1024K,   0% used [0x00000000d6f00000, 0x00000000d7000000)
AC   0  F    TS     0 PTAMS 0x00000000d7000000 NTAMS 0x00000000d7000000 space 1024K,   0% used [0x00000000d7000000, 0x00000000d7100000)
AC   0  F    TS     0 PTAMS 0x00000000d7100000 NTAMS 0x00000000d7100000 space 1024K,   0% used [0x00000000d7100000, 0x00000000d7200000)
AC   0  F    TS     0 PTAMS 0x00000000d7200000 NTAMS 0x00000000d7200000 space 1024K,   0% used [0x00000000d7200000, 0x00000000d7300000)
AC   0  F    TS     0 PTAMS 0x00000000d7300000 NTAMS 0x00000000d7300000 space 1024K,   0% used [0x00000000d7300000, 0x00000000d7400000)
AC   0  F    TS     0 PTAMS 0x00000000d7400000 NTAMS 0x00000000d7400000 space 1024K,   0% used [0x00000000d7400000, 0x00000000d7500000)
AC   0  F    TS     0 PTAMS 0x00000000d7500000 NTAMS 0x00000000d7500000 space 1024K,   0% used [0x00000000d7500000, 0x00000000d7600000)
AC   0  F    TS     0 PTAMS 0x00000000d7600000 NTAMS 0x00000000d7600000 space 1024K,   0% used [0x00000000d7600000, 0x00000000d7700000)
AC   0  F    TS     0 PTAMS 0x00000000d7700000 NTAMS 0x00000000d7700000 space 1024K,   0% used [0x00000000d7700000, 0x00000000d7800000)
AC   0  F    TS     0 PTAMS 0x00000000d7800000 NTAMS 0x00000000d7800000 space 1024K,   0% used [0x00000000d7800000, 0x00000000d7900000)
AC   0  F    TS     0 PTAMS 0x00000000d7900000 NTAMS 0x00000000d7900000 space 1024K,   0% used [0x00000000d7900000, 0x00000000d7a00000)
AC   0  F    TS     0 PTAMS 0x00000000d7a00000 NTAMS 0x00000000d7a00000 space 1024K,   0% used [0x00000000d7a00000, 0x00000000d7b00000)
AC   0  F    TS     0 PTAMS 0x00000000d7b00000 NTAMS 0x00000000d7b00000 space 1024K,   0% used [0x00000000d7b00000, 0x00000000d7c00000)
AC   0  F    TS     0 PTAMS 0x00000000d7c00000 NTAMS 0x00000000d7c00000 space 1024K,   0% used [0x00000000d7c00000, 0x00000000d7d00000)
AC   0  F    TS     0 PTAMS 0x00000000d7d00000 NTAMS 0x00000000d7d00000 space 1024K,   0% used [0x00000000d7d00000, 0x00000000d7e00000)
AC   0  F    TS     0 PTAMS 0x00000000d7e00000 NTAMS 0x00000000d7e00000 space 1024K,   0% used [0x00000000d7e00000, 0x00000000d7f00000)
AC   0  F    TS     0 PTAMS 0x00000000d7f00000 NTAMS 0x00000000d7f00000 space 1024K,   0% used [0x00000000d7f00000, 0x00000000d8000000)
AC   0  F    TS     0 PTAMS 0x00000000d8000000 NTAMS 0x00000000d8000000 space 1024K,   0% used [0x00000000d8000000, 0x00000000d8100000)
AC   0  F    TS     0 PTAMS 0x00000000d8100000 NTAMS 0x00000000d8100000 space 1024K,   0% used [0x00000000d8100000, 0x00000000d8200000)
AC   0  F    TS     0 PTAMS 0x00000000d8200000 NTAMS 0x00000000d8200000 space 1024K,   0% used [0x00000000d8200000, 0x00000000d8300000)
AC   0  F    TS     0 PTAMS 0x00000000d8300000 NTAMS 0x00000000d8300000 space 1024K,   0% used [0x00000000d8300000, 0x00000000d8400000)
AC   0  F    TS     0 PTAMS 0x00000000d8400000 NTAMS 0x00000000d8400000 space 1024K,   0% used [0x00000000d8400000, 0x00000000d8500000)
AC   0  F    TS     0 PTAMS 0x00000000d8500000 NTAMS 0x00000000d8500000 space 1024K,   0% used [0x00000000d8500000, 0x00000000d8600000)
AC   0  F    TS     0 PTAMS 0x00000000d8600000 NTAMS 0x00000000d8600000 space 1024K,   0% used [0x00000000d8600000, 0x00000000d8700000)
AC   0  F    TS     0 PTAMS 0x00000000d8700000 NTAMS 0x00000000d8700000 space 1024K,   0% used [0x00000000d8700000, 0x00000000d8800000)
AC   0  F    TS     0 PTAMS 0x00000000d8800000 NTAMS 0x00000000d8800000 space 1024K,   0% used [0x00000000d8800000, 0x00000000d8900000)
AC   0  F    TS     0 PTAMS 0x00000000d8900000 NTAMS 0x00000000d8900000 space 1024K,   0% used [0x00000000d8900000, 0x00000000d8a00000)
AC   0  F    TS     0 PTAMS 0x00000000d8a00000 NTAMS 0x00000000d8a00000 space 1024K,   0% used [0x00000000d8a00000, 0x00000000d8b00000)
AC   0  F    TS     0 PTAMS 0x00000000d8b00000 NTAMS 0x00000000d8b00000 space 1024K,   0% used [0x00000000d8b00000, 0x00000000d8c00000)
AC   0  F    TS     0 PTAMS 0x00000000d8c00000 NTAMS 0x00000000d8c00000 space 1024K,   0% used [0x00000000d8c00000, 0x00000000d8d00000)
AC   0  F    TS     0 PTAMS 0x00000000d8d00000 NTAMS 0x00000000d8d00000 space 1024K,   0% used [0x00000000d8d00000, 0x00000000d8e00000)
AC   0  F    TS     0 PTAMS 0x00000000d8e00000 NTAMS 0x00000000d8e00000 space 1024K,   0% used [0x00000000d8e00000, 0x00000000d8f00000)
AC   0  F    TS     0 PTAMS 0x00000000d8f00000 NTAMS 0x00000000d8f00000 space 1024K,   0% used [0x00000000d8f00000, 0x00000000d9000000)
AC   0  F    TS     0 PTAMS 0x00000000d9000000 NTAMS 0x00000000d9000000 space 1024K,   0% used [0x00000000d9000000, 0x00000000d9100000)
AC   0  F    TS     0 PTAMS 0x00000000d9100000 NTAMS 0x00000000d9100000 space 1024K,   0% used [0x00000000d9100000, 0x00000000d9200000)
AC   0  F    TS     0 PTAMS 0x00000000d9200000 NTAMS 0x00000000d9200000 space 1024K,   0% used [0x00000000d9200000, 0x00000000d9300000)
AC   0  F    TS     0 PTAMS 0x00000000d9300000 NTAMS 0x00000000d9300000 space 1024K,   0% used [0x00000000d9300000, 0x00000000d9400000)
AC   0  F    TS     0 PTAMS 0x00000000d9400000 NTAMS 0x00000000d9400000 space 1024K,   0% used [0x00000000d9400000, 0x00000000d9500000)
AC   0  F    TS     0 PTAMS 0x00000000d9500000 NTAMS 0x00000000d9500000 space 1024K,   0% used [0x00000000d9500000, 0x00000000d9600000)
AC   0  F    TS     0 PTAMS 0x00000000d9600000 NTAMS 0x00000000d9600000 space 1024K,   0% used [0x00000000d9600000, 0x00000000d9700000)
AC   0  F    TS     0 PTAMS 0x00000000d9700000 NTAMS 0x00000000d9700000 space 1024K,   0% used [0x00000000d9700000, 0x00000000d9800000)
AC   0  F    TS     0 PTAMS 0x00000000d9800000 NTAMS 0x00000000d9800000 space 1024K,   0% used [0x00000000d9800000, 0x00000000d9900000)
AC   0  F    TS     0 PTAMS 0x00000000d9900000 NTAMS 0x00000000d9900000 space 1024K,   0% used [0x00000000d9900000, 0x00000000d9a00000)
AC   0  F    TS     0 PTAMS 0x00000000d9a00000 NTAMS 0x00000000d9a00000 space 1024K,   0% used [0x00000000d9a00000, 0x00000000d9b00000)
AC   0  F    TS     0 PTAMS 0x00000000d9b00000 NTAMS 0x00000000d9b00000 space 1024K,   0% used [0x00000000d9b00000, 0x00000000d9c00000)
AC   0  F    TS     0 PTAMS 0x00000000d9c00000 NTAMS 0x00000000d9c00000 space 1024K,   0% used [0x00000000d9c00000, 0x00000000d9d00000)
AC   0  F    TS     0 PTAMS 0x00000000d9d00000 NTAMS 0x00000000d9d00000 space 1024K,   0% used [0x00000000d9d00000, 0x00000000d9e00000)
AC   0  F    TS     0 PTAMS 0x00000000d9e00000 NTAMS 0x00000000d9e00000 space 1024K,   0% used [0x00000000d9e00000, 0x00000000d9f00000)
AC   0  F    TS     0 PTAMS 0x00000000d9f00000 NTAMS 0x00000000d9f00000 space 1024K,   0% used [0x00000000d9f00000, 0x00000000da000000)
AC   0  F    TS     0 PTAMS 0x00000000da000000 NTAMS 0x00000000da000000 space 1024K,   0% used [0x00000000da000000, 0x00000000da100000)
AC   0  F    TS     0 PTAMS 0x00000000da100000 NTAMS 0x00000000da100000 space 1024K,   0% used [0x00000000da100000, 0x00000000da200000)
AC   0  F    TS     0 PTAMS 0x00000000da200000 NTAMS 0x00000000da200000 space 1024K,   0% used [0x00000000da200000, 0x00000000da300000)
AC   0  F    TS     0 PTAMS 0x00000000da300000 NTAMS 0x00000000da300000 space 1024K,   0% used [0x00000000da300000, 0x00000000da400000)
AC   0  F    TS     0 PTAMS 0x00000000da400000 NTAMS 0x00000000da400000 space 1024K,   0% used [0x00000000da400000, 0x00000000da500000)
AC   0  F    TS     0 PTAMS 0x00000000da500000 NTAMS 0x00000000da500000 space 1024K,   0% used [0x00000000da500000, 0x00000000da600000)
AC   0  F    TS     0 PTAMS 0x00000000da600000 NTAMS 0x00000000da600000 space 1024K,   0% used [0x00000000da600000, 0x00000000da700000)
AC   0  F    TS     0 PTAMS 0x00000000da700000 NTAMS 0x00000000da700000 space 1024K,   0% used [0x00000000da700000, 0x00000000da800000)
AC   0  F    TS     0 PTAMS 0x00000000da800000 NTAMS 0x00000000da800000 space 1024K,   0% used [0x00000000da800000, 0x00000000da900000)
AC   0  F    TS     0 PTAMS 0x00000000da900000 NTAMS 0x00000000da900000 space 1024K,   0% used [0x00000000da900000, 0x00000000daa00000)
AC   0  F    TS     0 PTAMS 0x00000000daa00000 NTAMS 0x00000000daa00000 space 1024K,   0% used [0x00000000daa00000, 0x00000000dab00000)
AC   0  F    TS     0 PTAMS 0x00000000dab00000 NTAMS 0x00000000dab00000 space 1024K,   0% used [0x00000000dab00000, 0x00000000dac00000)
AC   0  F    TS     0 PTAMS 0x00000000dac00000 NTAMS 0x00000000dac00000 space 1024K,   0% used [0x00000000dac00000, 0x00000000dad00000)
AC   0  F    TS     0 PTAMS 0x00000000dad00000 NTAMS 0x00000000dad00000 space 1024K,   0% used [0x00000000dad00000, 0x00000000dae00000)
AC   0  F    TS     0 PTAMS 0x00000000dae00000 NTAMS 0x00000000dae00000 space 1024K,   0% used [0x00000000dae00000, 0x00000000daf00000)
AC   0  F    TS     0 PTAMS 0x00000000daf00000 NTAMS 0x00000000daf00000 space 1024K,   0% used [0x00000000daf00000, 0x00000000db000000)
AC   0  F    TS     0 PTAMS 0x00000000db000000 NTAMS 0x00000000db000000 space 1024K,   0% used [0x00000000db000000, 0x00000000db100000)
AC   0  F    TS     0 PTAMS 0x00000000db100000 NTAMS 0x00000000db100000 space 1024K,   0% used [0x00000000db100000, 0x00000000db200000)
AC   0  F    TS     0 PTAMS 0x00000000db200000 NTAMS 0x00000000db200000 space 1024K,   0% used [0x00000000db200000, 0x00000000db300000)
AC   0  F    TS     0 PTAMS 0x00000000db300000 NTAMS 0x00000000db300000 space 1024K,   0% used [0x00000000db300000, 0x00000000db400000)
AC   0  F    TS     0 PTAMS 0x00000000db400000 NTAMS 0x00000000db400000 space 1024K,   0% used [0x00000000db400000, 0x00000000db500000)
AC   0  F    TS     0 PTAMS 0x00000000db500000 NTAMS 0x00000000db500000 space 1024K,   0% used [0x00000000db500000, 0x00000000db600000)
AC   0  F    TS     0 PTAMS 0x00000000db600000 NTAMS 0x00000000db600000 space 1024K,   0% used [0x00000000db600000, 0x00000000db700000)
AC   0  F    TS     0 PTAMS 0x00000000db700000 NTAMS 0x00000000db700000 space 1024K,   0% used [0x00000000db700000, 0x00000000db800000)
AC   0  F    TS     0 PTAMS 0x00000000db800000 NTAMS 0x00000000db800000 space 1024K,   0% used [0x00000000db800000, 0x00000000db900000)
AC   0  F    TS     0 PTAMS 0x00000000db900000 NTAMS 0x00000000db900000 space 1024K,   0% used [0x00000000db900000, 0x00000000dba00000)
AC   0  F    TS     0 PTAMS 0x00000000dba00000 NTAMS 0x00000000dba00000 space 1024K,   0% used [0x00000000dba00000, 0x00000000dbb00000)
AC   0  F    TS     0 PTAMS 0x00000000dbb00000 NTAMS 0x00000000dbb00000 space 1024K,   0% used [0x00000000dbb00000, 0x00000000dbc00000)
AC   0  F    TS     0 PTAMS 0x00000000dbc00000 NTAMS 0x00000000dbc00000 space 1024K,   0% used [0x00000000dbc00000, 0x00000000dbd00000)
AC   0  F    TS     0 PTAMS 0x00000000dbd00000 NTAMS 0x00000000dbd00000 space 1024K,   0% used [0x00000000dbd00000, 0x00000000dbe00000)
AC   0  F    TS     0 PTAMS 0x00000000dbe00000 NTAMS 0x00000000dbe00000 space 1024K,   0% used [0x00000000dbe00000, 0x00000000dbf00000)
AC   0  F    TS     0 PTAMS 0x00000000dbf00000 NTAMS 0x00000000dbf00000 space 1024K,   0% used [0x00000000dbf00000, 0x00000000dc000000)
AC   0  F    TS     0 PTAMS 0x00000000dc000000 NTAMS 0x00000000dc000000 space 1024K,   0% used [0x00000000dc000000, 0x00000000dc100000)
AC   0  F    TS     0 PTAMS 0x00000000dc100000 NTAMS 0x00000000dc100000 space 1024K,   0% used [0x00000000dc100000, 0x00000000dc200000)
AC   0  F    TS     0 PTAMS 0x00000000dc200000 NTAMS 0x00000000dc200000 space 1024K,   0% used [0x00000000dc200000, 0x00000000dc300000)
AC   0  F    TS     0 PTAMS 0x00000000dc300000 NTAMS 0x00000000dc300000 space 1024K,   0% used [0x00000000dc300000, 0x00000000dc400000)
AC   0  F    TS     0 PTAMS 0x00000000dc400000 NTAMS 0x00000000dc400000 space 1024K,   0% used [0x00000000dc400000, 0x00000000dc500000)
AC   0  F    TS     0 PTAMS 0x00000000dc500000 NTAMS 0x00000000dc500000 space 1024K,   0% used [0x00000000dc500000, 0x00000000dc600000)
AC   0  F    TS     0 PTAMS 0x00000000dc600000 NTAMS 0x00000000dc600000 space 1024K,   0% used [0x00000000dc600000, 0x00000000dc700000)
AC   0  F    TS     0 PTAMS 0x00000000dc700000 NTAMS 0x00000000dc700000 space 1024K,   0% used [0x00000000dc700000, 0x00000000dc800000)
AC   0  F    TS     0 PTAMS 0x00000000dc800000 NTAMS 0x00000000dc800000 space 1024K,   0% used [0x00000000dc800000, 0x00000000dc900000)
AC   0  F    TS     0 PTAMS 0x00000000dc900000 NTAMS 0x00000000dc900000 space 1024K,   0% used [0x00000000dc900000, 0x00000000dca00000)
AC   0  F    TS     0 PTAMS 0x00000000dca00000 NTAMS 0x00000000dca00000 space 1024K,   0% used [0x00000000dca00000, 0x00000000dcb00000)
AC   0  F    TS     0 PTAMS 0x00000000dcb00000 NTAMS 0x00000000dcb00000 space 1024K,   0% used [0x00000000dcb00000, 0x00000000dcc00000)
AC   0  F    TS     0 PTAMS 0x00000000dcc00000 NTAMS 0x00000000dcc00000 space 1024K,   0% used [0x00000000dcc00000, 0x00000000dcd00000)
AC   0  F    TS     0 PTAMS 0x00000000dcd00000 NTAMS 0x00000000dcd00000 space 1024K,   0% used [0x00000000dcd00000, 0x00000000dce00000)
AC   0  F    TS     0 PTAMS 0x00000000dce00000 NTAMS 0x00000000dce00000 space 1024K,   0% used [0x00000000dce00000, 0x00000000dcf00000)
AC   0  F    TS     0 PTAMS 0x00000000dcf00000 NTAMS 0x00000000dcf00000 space 1024K,   0% used [0x00000000dcf00000, 0x00000000dd000000)
AC   0  F    TS     0 PTAMS 0x00000000dd000000 NTAMS 0x00000000dd000000 space 1024K,   0% used [0x00000000dd000000, 0x00000000dd100000)
AC   0  F    TS     0 PTAMS 0x00000000dd100000 NTAMS 0x00000000dd100000 space 1024K,   0% used [0x00000000dd100000, 0x00000000dd200000)
AC   0  F    TS     0 PTAMS 0x00000000dd200000 NTAMS 0x00000000dd200000 space 1024K,   0% used [0x00000000dd200000, 0x00000000dd300000)
AC   0  F    TS     0 PTAMS 0x00000000dd300000 NTAMS 0x00000000dd300000 space 1024K,   0% used [0x00000000dd300000, 0x00000000dd400000)
AC   0  F    TS     0 PTAMS 0x00000000dd400000 NTAMS 0x00000000dd400000 space 1024K,   0% used [0x00000000dd400000, 0x00000000dd500000)
AC   0  F    TS     0 PTAMS 0x00000000dd500000 NTAMS 0x00000000dd500000 space 1024K,   0% used [0x00000000dd500000, 0x00000000dd600000)
AC   0  F    TS     0 PTAMS 0x00000000dd600000 NTAMS 0x00000000dd600000 space 1024K,   0% used [0x00000000dd600000, 0x00000000dd700000)
AC   0  F    TS     0 PTAMS 0x00000000dd700000 NTAMS 0x00000000dd700000 space 1024K,   0% used [0x00000000dd700000, 0x00000000dd800000)
AC   0  F    TS     0 PTAMS 0x00000000dd800000 NTAMS 0x00000000dd800000 space 1024K,   0% used [0x00000000dd800000, 0x00000000dd900000)
AC   0  F    TS     0 PTAMS 0x00000000dd900000 NTAMS 0x00000000dd900000 space 1024K,   0% used [0x00000000dd900000, 0x00000000dda00000)
AC   0  F    TS     0 PTAMS 0x00000000dda00000 NTAMS 0x00000000dda00000 space 1024K,   0% used [0x00000000dda00000, 0x00000000ddb00000)
AC   0  F    TS     0 PTAMS 0x00000000ddb00000 NTAMS 0x00000000ddb00000 space 1024K,   0% used [0x00000000ddb00000, 0x00000000ddc00000)
AC   0  F    TS     0 PTAMS 0x00000000ddc00000 NTAMS 0x00000000ddc00000 space 1024K,   0% used [0x00000000ddc00000, 0x00000000ddd00000)
AC   0  F    TS     0 PTAMS 0x00000000ddd00000 NTAMS 0x00000000ddd00000 space 1024K,   0% used [0x00000000ddd00000, 0x00000000dde00000)
AC   0  F    TS     0 PTAMS 0x00000000dde00000 NTAMS 0x00000000dde00000 space 1024K,   0% used [0x00000000dde00000, 0x00000000ddf00000)
AC   0  F    TS     0 PTAMS 0x00000000ddf00000 NTAMS 0x00000000ddf00000 space 1024K,   0% used [0x00000000ddf00000, 0x00000000de000000)
AC   0  F    TS     0 PTAMS 0x00000000de000000 NTAMS 0x00000000de000000 space 1024K,   0% used [0x00000000de000000, 0x00000000de100000)
AC   0  F    TS     0 PTAMS 0x00000000de100000 NTAMS 0x00000000de100000 space 1024K,   0% used [0x00000000de100000, 0x00000000de200000)
AC   0  F    TS     0 PTAMS 0x00000000de200000 NTAMS 0x00000000de200000 space 1024K,   0% used [0x00000000de200000, 0x00000000de300000)
AC   0  F    TS     0 PTAMS 0x00000000de300000 NTAMS 0x00000000de300000 space 1024K,   0% used [0x00000000de300000, 0x00000000de400000)
AC   0  F    TS     0 PTAMS 0x00000000de400000 NTAMS 0x00000000de400000 space 1024K,   0% used [0x00000000de400000, 0x00000000de500000)
AC   0  F    TS     0 PTAMS 0x00000000de500000 NTAMS 0x00000000de500000 space 1024K,   0% used [0x00000000de500000, 0x00000000de600000)
AC   0  F    TS     0 PTAMS 0x00000000de600000 NTAMS 0x00000000de600000 space 1024K,   0% used [0x00000000de600000, 0x00000000de700000)
AC   0  F    TS     0 PTAMS 0x00000000de700000 NTAMS 0x00000000de700000 space 1024K,   0% used [0x00000000de700000, 0x00000000de800000)
AC   0  F    TS     0 PTAMS 0x00000000de800000 NTAMS 0x00000000de800000 space 1024K,   0% used [0x00000000de800000, 0x00000000de900000)
AC   0  F    TS     0 PTAMS 0x00000000de900000 NTAMS 0x00000000de900000 space 1024K,   0% used [0x00000000de900000, 0x00000000dea00000)
AC   0  F    TS     0 PTAMS 0x00000000dea00000 NTAMS 0x00000000dea00000 space 1024K,   0% used [0x00000000dea00000, 0x00000000deb00000)
AC   0  F    TS     0 PTAMS 0x00000000deb00000 NTAMS 0x00000000deb00000 space 1024K,   0% used [0x00000000deb00000, 0x00000000dec00000)
AC   0  F    TS     0 PTAMS 0x00000000dec00000 NTAMS 0x00000000dec00000 space 1024K,   0% used [0x00000000dec00000, 0x00000000ded00000)
AC   0  F    TS     0 PTAMS 0x00000000ded00000 NTAMS 0x00000000ded00000 space 1024K,   0% used [0x00000000ded00000, 0x00000000dee00000)
AC   0  F    TS     0 PTAMS 0x00000000dee00000 NTAMS 0x00000000dee00000 space 1024K,   0% used [0x00000000dee00000, 0x00000000def00000)
AC   0  F    TS     0 PTAMS 0x00000000def00000 NTAMS 0x00000000def00000 space 1024K,   0% used [0x00000000def00000, 0x00000000df000000)
AC   0  F    TS     0 PTAMS 0x00000000df000000 NTAMS 0x00000000df000000 space 1024K,   0% used [0x00000000df000000, 0x00000000df100000)
AC   0  F    TS     0 PTAMS 0x00000000df100000 NTAMS 0x00000000df100000 space 1024K,   0% used [0x00000000df100000, 0x00000000df200000)
AC   0  F    TS     0 PTAMS 0x00000000df200000 NTAMS 0x00000000df200000 space 1024K,   0% used [0x00000000df200000, 0x00000000df300000)
AC   0  F    TS     0 PTAMS 0x00000000df300000 NTAMS 0x00000000df300000 space 1024K,   0% used [0x00000000df300000, 0x00000000df400000)
AC   0  F    TS     0 PTAMS 0x00000000df400000 NTAMS 0x00000000df400000 space 1024K,   0% used [0x00000000df400000, 0x00000000df500000)
AC   0  F    TS     0 PTAMS 0x00000000df500000 NTAMS 0x00000000df500000 space 1024K,   0% used [0x00000000df500000, 0x00000000df600000)
AC   0  F    TS     0 PTAMS 0x00000000df600000 NTAMS 0x00000000df600000 space 1024K,   0% used [0x00000000df600000, 0x00000000df700000)
AC   0  F    TS     0 PTAMS 0x00000000df700000 NTAMS 0x00000000df700000 space 1024K,   0% used [0x00000000df700000, 0x00000000df800000)
AC   0  F    TS     0 PTAMS 0x00000000df800000 NTAMS 0x00000000df800000 space 1024K,   0% used [0x00000000df800000, 0x00000000df900000)
AC   0  F    TS     0 PTAMS 0x00000000df900000 NTAMS 0x00000000df900000 space 1024K,   0% used [0x00000000df900000, 0x00000000dfa00000)
AC   0  F    TS     0 PTAMS 0x00000000dfa00000 NTAMS 0x00000000dfa00000 space 1024K,   0% used [0x00000000dfa00000, 0x00000000dfb00000)
AC   0  F    TS     0 PTAMS 0x00000000dfb00000 NTAMS 0x00000000dfb00000 space 1024K,   0% used [0x00000000dfb00000, 0x00000000dfc00000)
AC   0  F    TS     0 PTAMS 0x00000000dfc00000 NTAMS 0x00000000dfc00000 space 1024K,   0% used [0x00000000dfc00000, 0x00000000dfd00000)
AC   0  F    TS     0 PTAMS 0x00000000dfd00000 NTAMS 0x00000000dfd00000 space 1024K,   0% used [0x00000000dfd00000, 0x00000000dfe00000)
AC   0  F    TS     0 PTAMS 0x00000000dfe00000 NTAMS 0x00000000dfe00000 space 1024K,   0% used [0x00000000dfe00000, 0x00000000dff00000)
AC   0  F    TS     0 PTAMS 0x00000000dff00000 NTAMS 0x00000000dff00000 space 1024K,   0% used [0x00000000dff00000, 0x00000000e0000000)
AC   0  F    TS     0 PTAMS 0x00000000e0000000 NTAMS 0x00000000e0000000 space 1024K,   0% used [0x00000000e0000000, 0x00000000e0100000)
AC   0  F    TS     0 PTAMS 0x00000000e0100000 NTAMS 0x00000000e0100000 space 1024K,   0% used [0x00000000e0100000, 0x00000000e0200000)
AC   0  F    TS     0 PTAMS 0x00000000e0200000 NTAMS 0x00000000e0200000 space 1024K,   0% used [0x00000000e0200000, 0x00000000e0300000)
AC   0  F    TS     0 PTAMS 0x00000000e0300000 NTAMS 0x00000000e0300000 space 1024K,   0% used [0x00000000e0300000, 0x00000000e0400000)
AC   0  F    TS     0 PTAMS 0x00000000e0400000 NTAMS 0x00000000e0400000 space 1024K,   0% used [0x00000000e0400000, 0x00000000e0500000)
AC   0  F    TS     0 PTAMS 0x00000000e0500000 NTAMS 0x00000000e0500000 space 1024K,   0% used [0x00000000e0500000, 0x00000000e0600000)
AC   0  F    TS     0 PTAMS 0x00000000e0600000 NTAMS 0x00000000e0600000 space 1024K,   0% used [0x00000000e0600000, 0x00000000e0700000)
AC   0  F    TS     0 PTAMS 0x00000000e0700000 NTAMS 0x00000000e0700000 space 1024K,   0% used [0x00000000e0700000, 0x00000000e0800000)
AC   0  F    TS     0 PTAMS 0x00000000e0800000 NTAMS 0x00000000e0800000 space 1024K,   0% used [0x00000000e0800000, 0x00000000e0900000)
AC   0  F    TS     0 PTAMS 0x00000000e0900000 NTAMS 0x00000000e0900000 space 1024K,   0% used [0x00000000e0900000, 0x00000000e0a00000)
AC   0  F    TS     0 PTAMS 0x00000000e0a00000 NTAMS 0x00000000e0a00000 space 1024K,   0% used [0x00000000e0a00000, 0x00000000e0b00000)
AC   0  F    TS     0 PTAMS 0x00000000e0b00000 NTAMS 0x00000000e0b00000 space 1024K,   0% used [0x00000000e0b00000, 0x00000000e0c00000)
AC   0  F    TS     0 PTAMS 0x00000000e0c00000 NTAMS 0x00000000e0c00000 space 1024K,   0% used [0x00000000e0c00000, 0x00000000e0d00000)
AC   0  F    TS     0 PTAMS 0x00000000e0d00000 NTAMS 0x00000000e0d00000 space 1024K,   0% used [0x00000000e0d00000, 0x00000000e0e00000)
AC   0  F    TS     0 PTAMS 0x00000000e0e00000 NTAMS 0x00000000e0e00000 space 1024K,   0% used [0x00000000e0e00000, 0x00000000e0f00000)
AC   0  F    TS     0 PTAMS 0x00000000e0f00000 NTAMS 0x00000000e0f00000 space 1024K,   0% used [0x00000000e0f00000, 0x00000000e1000000)
AC   0  F    TS     0 PTAMS 0x00000000e1000000 NTAMS 0x00000000e1000000 space 1024K,   0% used [0x00000000e1000000, 0x00000000e1100000)
AC   0  F    TS     0 PTAMS 0x00000000e1100000 NTAMS 0x00000000e1100000 space 1024K,   0% used [0x00000000e1100000, 0x00000000e1200000)
AC   0  F    TS     0 PTAMS 0x00000000e1200000 NTAMS 0x00000000e1200000 space 1024K,   0% used [0x00000000e1200000, 0x00000000e1300000)
AC   0  F    TS     0 PTAMS 0x00000000e1300000 NTAMS 0x00000000e1300000 space 1024K,   0% used [0x00000000e1300000, 0x00000000e1400000)
AC   0  F    TS     0 PTAMS 0x00000000e1400000 NTAMS 0x00000000e1400000 space 1024K,   0% used [0x00000000e1400000, 0x00000000e1500000)
AC   0  F    TS     0 PTAMS 0x00000000e1500000 NTAMS 0x00000000e1500000 space 1024K,   0% used [0x00000000e1500000, 0x00000000e1600000)
AC   0  F    TS     0 PTAMS 0x00000000e1600000 NTAMS 0x00000000e1600000 space 1024K,   0% used [0x00000000e1600000, 0x00000000e1700000)
AC   0  F    TS     0 PTAMS 0x00000000e1700000 NTAMS 0x00000000e1700000 space 1024K,   0% used [0x00000000e1700000, 0x00000000e1800000)
AC   0  F    TS     0 PTAMS 0x00000000e1800000 NTAMS 0x00000000e1800000 space 1024K,   0% used [0x00000000e1800000, 0x00000000e1900000)
AC   0  F    TS     0 PTAMS 0x00000000e1900000 NTAMS 0x00000000e1900000 space 1024K,   0% used [0x00000000e1900000, 0x00000000e1a00000)
AC   0  F    TS     0 PTAMS 0x00000000e1a00000 NTAMS 0x00000000e1a00000 space 1024K,   0% used [0x00000000e1a00000, 0x00000000e1b00000)
AC   0  F    TS     0 PTAMS 0x00000000e1b00000 NTAMS 0x00000000e1b00000 space 1024K,   0% used [0x00000000e1b00000, 0x00000000e1c00000)
AC   0  F    TS     0 PTAMS 0x00000000e1c00000 NTAMS 0x00000000e1c00000 space 1024K,   0% used [0x00000000e1c00000, 0x00000000e1d00000)
AC   0  F    TS     0 PTAMS 0x00000000e1d00000 NTAMS 0x00000000e1d00000 space 1024K,   0% used [0x00000000e1d00000, 0x00000000e1e00000)
AC   0  F    TS     0 PTAMS 0x00000000e1e00000 NTAMS 0x00000000e1e00000 space 1024K,   0% used [0x00000000e1e00000, 0x00000000e1f00000)
AC   0  F    TS     0 PTAMS 0x00000000e1f00000 NTAMS 0x00000000e1f00000 space 1024K,   0% used [0x00000000e1f00000, 0x00000000e2000000)
AC   0  F    TS     0 PTAMS 0x00000000e2000000 NTAMS 0x00000000e2000000 space 1024K,   0% used [0x00000000e2000000, 0x00000000e2100000)
AC   0  F    TS     0 PTAMS 0x00000000e2100000 NTAMS 0x00000000e2100000 space 1024K,   0% used [0x00000000e2100000, 0x00000000e2200000)
AC   0  F    TS     0 PTAMS 0x00000000e2200000 NTAMS 0x00000000e2200000 space 1024K,   0% used [0x00000000e2200000, 0x00000000e2300000)
AC   0  F    TS     0 PTAMS 0x00000000e2300000 NTAMS 0x00000000e2300000 space 1024K,   0% used [0x00000000e2300000, 0x00000000e2400000)
AC   0  F    TS     0 PTAMS 0x00000000e2400000 NTAMS 0x00000000e2400000 space 1024K,   0% used [0x00000000e2400000, 0x00000000e2500000)
AC   0  F    TS     0 PTAMS 0x00000000e2500000 NTAMS 0x00000000e2500000 space 1024K,   0% used [0x00000000e2500000, 0x00000000e2600000)
AC   0  F    TS     0 PTAMS 0x00000000e2600000 NTAMS 0x00000000e2600000 space 1024K,   0% used [0x00000000e2600000, 0x00000000e2700000)
AC   0  F    TS     0 PTAMS 0x00000000e2700000 NTAMS 0x00000000e2700000 space 1024K,   0% used [0x00000000e2700000, 0x00000000e2800000)
AC   0  F    TS     0 PTAMS 0x00000000e2800000 NTAMS 0x00000000e2800000 space 1024K,   0% used [0x00000000e2800000, 0x00000000e2900000)
AC   0  F    TS     0 PTAMS 0x00000000e2900000 NTAMS 0x00000000e2900000 space 1024K,   0% used [0x00000000e2900000, 0x00000000e2a00000)
AC   0  F    TS     0 PTAMS 0x00000000e2a00000 NTAMS 0x00000000e2a00000 space 1024K,   0% used [0x00000000e2a00000, 0x00000000e2b00000)
AC   0  F    TS     0 PTAMS 0x00000000e2b00000 NTAMS 0x00000000e2b00000 space 1024K,   0% used [0x00000000e2b00000, 0x00000000e2c00000)
AC   0  F    TS     0 PTAMS 0x00000000e2c00000 NTAMS 0x00000000e2c00000 space 1024K,   0% used [0x00000000e2c00000, 0x00000000e2d00000)
AC   0  F    TS     0 PTAMS 0x00000000e2d00000 NTAMS 0x00000000e2d00000 space 1024K,   0% used [0x00000000e2d00000, 0x00000000e2e00000)
AC   0  F    TS     0 PTAMS 0x00000000e2e00000 NTAMS 0x00000000e2e00000 space 1024K,   0% used [0x00000000e2e00000, 0x00000000e2f00000)
AC   0  F    TS     0 PTAMS 0x00000000e2f00000 NTAMS 0x00000000e2f00000 space 1024K,   0% used [0x00000000e2f00000, 0x00000000e3000000)
AC   0  F    TS     0 PTAMS 0x00000000e3000000 NTAMS 0x00000000e3000000 space 1024K,   0% used [0x00000000e3000000, 0x00000000e3100000)
AC   0  F    TS     0 PTAMS 0x00000000e3100000 NTAMS 0x00000000e3100000 space 1024K,   0% used [0x00000000e3100000, 0x00000000e3200000)
AC   0  F    TS     0 PTAMS 0x00000000e3200000 NTAMS 0x00000000e3200000 space 1024K,   0% used [0x00000000e3200000, 0x00000000e3300000)
AC   0  F    TS     0 PTAMS 0x00000000e3300000 NTAMS 0x00000000e3300000 space 1024K,   0% used [0x00000000e3300000, 0x00000000e3400000)
AC   0  F    TS     0 PTAMS 0x00000000e3400000 NTAMS 0x00000000e3400000 space 1024K,   0% used [0x00000000e3400000, 0x00000000e3500000)
AC   0  F    TS     0 PTAMS 0x00000000e3500000 NTAMS 0x00000000e3500000 space 1024K,   0% used [0x00000000e3500000, 0x00000000e3600000)
AC   0  F    TS     0 PTAMS 0x00000000e3600000 NTAMS 0x00000000e3600000 space 1024K,   0% used [0x00000000e3600000, 0x00000000e3700000)
AC   0  F    TS     0 PTAMS 0x00000000e3700000 NTAMS 0x00000000e3700000 space 1024K,   0% used [0x00000000e3700000, 0x00000000e3800000)
AC   0  F    TS     0 PTAMS 0x00000000e3800000 NTAMS 0x00000000e3800000 space 1024K,   0% used [0x00000000e3800000, 0x00000000e3900000)
AC   0  F    TS     0 PTAMS 0x00000000e3900000 NTAMS 0x00000000e3900000 space 1024K,   0% used [0x00000000e3900000, 0x00000000e3a00000)
AC   0  F    TS     0 PTAMS 0x00000000e3a00000 NTAMS 0x00000000e3a00000 space 1024K,   0% used [0x00000000e3a00000, 0x00000000e3b00000)
AC   0  F    TS     0 PTAMS 0x00000000e3b00000 NTAMS 0x00000000e3b00000 space 1024K,   0% used [0x00000000e3b00000, 0x00000000e3c00000)
AC   0  F    TS     0 PTAMS 0x00000000e3c00000 NTAMS 0x00000000e3c00000 space 1024K,   0% used [0x00000000e3c00000, 0x00000000e3d00000)
AC   0  F    TS     0 PTAMS 0x00000000e3d00000 NTAMS 0x00000000e3d00000 space 1024K,   0% used [0x00000000e3d00000, 0x00000000e3e00000)
AC   0  F    TS     0 PTAMS 0x00000000e3e00000 NTAMS 0x00000000e3e00000 space 1024K,   0% used [0x00000000e3e00000, 0x00000000e3f00000)
AC   0  F    TS     0 PTAMS 0x00000000e3f00000 NTAMS 0x00000000e3f00000 space 1024K,   0% used [0x00000000e3f00000, 0x00000000e4000000)
AC   0  F    TS     0 PTAMS 0x00000000e4000000 NTAMS 0x00000000e4000000 space 1024K,   0% used [0x00000000e4000000, 0x00000000e4100000)
AC   0  F    TS     0 PTAMS 0x00000000e4100000 NTAMS 0x00000000e4100000 space 1024K,   0% used [0x00000000e4100000, 0x00000000e4200000)
AC   0  F    TS     0 PTAMS 0x00000000e4200000 NTAMS 0x00000000e4200000 space 1024K,   0% used [0x00000000e4200000, 0x00000000e4300000)
AC   0  F    TS     0 PTAMS 0x00000000e4300000 NTAMS 0x00000000e4300000 space 1024K,   0% used [0x00000000e4300000, 0x00000000e4400000)
AC   0  F    TS     0 PTAMS 0x00000000e4400000 NTAMS 0x00000000e4400000 space 1024K,   0% used [0x00000000e4400000, 0x00000000e4500000)
AC   0  F    TS     0 PTAMS 0x00000000e4500000 NTAMS 0x00000000e4500000 space 1024K,   0% used [0x00000000e4500000, 0x00000000e4600000)
AC   0  F    TS     0 PTAMS 0x00000000e4600000 NTAMS 0x00000000e4600000 space 1024K,   0% used [0x00000000e4600000, 0x00000000e4700000)
AC   0  F    TS     0 PTAMS 0x00000000e4700000 NTAMS 0x00000000e4700000 space 1024K,   0% used [0x00000000e4700000, 0x00000000e4800000)
AC   0  F    TS     0 PTAMS 0x00000000e4800000 NTAMS 0x00000000e4800000 space 1024K,   0% used [0x00000000e4800000, 0x00000000e4900000)
AC   0  F    TS     0 PTAMS 0x00000000e4900000 NTAMS 0x00000000e4900000 space 1024K,   0% used [0x00000000e4900000, 0x00000000e4a00000)
AC   0  F    TS     0 PTAMS 0x00000000e4a00000 NTAMS 0x00000000e4a00000 space 1024K,   0% used [0x00000000e4a00000, 0x00000000e4b00000)
AC   0  F    TS     0 PTAMS 0x00000000e4b00000 NTAMS 0x00000000e4b00000 space 1024K,   0% used [0x00000000e4b00000, 0x00000000e4c00000)
AC   0  F    TS     0 PTAMS 0x00000000e4c00000 NTAMS 0x00000000e4c00000 space 1024K,   0% used [0x00000000e4c00000, 0x00000000e4d00000)
AC   0  F    TS     0 PTAMS 0x00000000e4d00000 NTAMS 0x00000000e4d00000 space 1024K,   0% used [0x00000000e4d00000, 0x00000000e4e00000)
AC   0  F    TS     0 PTAMS 0x00000000e4e00000 NTAMS 0x00000000e4e00000 space 1024K,   0% used [0x00000000e4e00000, 0x00000000e4f00000)
AC   0  F    TS     0 PTAMS 0x00000000e4f00000 NTAMS 0x00000000e4f00000 space 1024K,   0% used [0x00000000e4f00000, 0x00000000e5000000)
AC   0  F    TS     0 PTAMS 0x00000000e5000000 NTAMS 0x00000000e5000000 space 1024K,   0% used [0x00000000e5000000, 0x00000000e5100000)
AC   0  F    TS     0 PTAMS 0x00000000e5100000 NTAMS 0x00000000e5100000 space 1024K,   0% used [0x00000000e5100000, 0x00000000e5200000)
AC   0  F    TS     0 PTAMS 0x00000000e5200000 NTAMS 0x00000000e5200000 space 1024K,   0% used [0x00000000e5200000, 0x00000000e5300000)
AC   0  F    TS     0 PTAMS 0x00000000e5300000 NTAMS 0x00000000e5300000 space 1024K,   0% used [0x00000000e5300000, 0x00000000e5400000)
AC   0  F    TS     0 PTAMS 0x00000000e5400000 NTAMS 0x00000000e5400000 space 1024K,   0% used [0x00000000e5400000, 0x00000000e5500000)
AC   0  F    TS     0 PTAMS 0x00000000e5500000 NTAMS 0x00000000e5500000 space 1024K,   0% used [0x00000000e5500000, 0x00000000e5600000)
AC   0  F    TS     0 PTAMS 0x00000000e5600000 NTAMS 0x00000000e5600000 space 1024K,   0% used [0x00000000e5600000, 0x00000000e5700000)
AC   0  F    TS     0 PTAMS 0x00000000e5700000 NTAMS 0x00000000e5700000 space 1024K,   0% used [0x00000000e5700000, 0x00000000e5800000)
AC   0  F    TS     0 PTAMS 0x00000000e5800000 NTAMS 0x00000000e5800000 space 1024K,   0% used [0x00000000e5800000, 0x00000000e5900000)
AC   0  F    TS     0 PTAMS 0x00000000e5900000 NTAMS 0x00000000e5900000 space 1024K,   0% used [0x00000000e5900000, 0x00000000e5a00000)
AC   0  F    TS     0 PTAMS 0x00000000e5a00000 NTAMS 0x00000000e5a00000 space 1024K,   0% used [0x00000000e5a00000, 0x00000000e5b00000)
AC   0  F    TS     0 PTAMS 0x00000000e5b00000 NTAMS 0x00000000e5b00000 space 1024K,   0% used [0x00000000e5b00000, 0x00000000e5c00000)
AC   0  F    TS     0 PTAMS 0x00000000e5c00000 NTAMS 0x00000000e5c00000 space 1024K,   0% used [0x00000000e5c00000, 0x00000000e5d00000)
AC   0  F    TS     0 PTAMS 0x00000000e5d00000 NTAMS 0x00000000e5d00000 space 1024K,   0% used [0x00000000e5d00000, 0x00000000e5e00000)
AC   0  F    TS     0 PTAMS 0x00000000e5e00000 NTAMS 0x00000000e5e00000 space 1024K,   0% used [0x00000000e5e00000, 0x00000000e5f00000)
AC   0  F    TS     0 PTAMS 0x00000000e5f00000 NTAMS 0x00000000e5f00000 space 1024K,   0% used [0x00000000e5f00000, 0x00000000e6000000)
AC   0  F    TS     0 PTAMS 0x00000000e6000000 NTAMS 0x00000000e6000000 space 1024K,   0% used [0x00000000e6000000, 0x00000000e6100000)
AC   0  F    TS     0 PTAMS 0x00000000e6100000 NTAMS 0x00000000e6100000 space 1024K,   0% used [0x00000000e6100000, 0x00000000e6200000)
AC   0  F    TS     0 PTAMS 0x00000000e6200000 NTAMS 0x00000000e6200000 space 1024K,   0% used [0x00000000e6200000, 0x00000000e6300000)
AC   0  F    TS     0 PTAMS 0x00000000e6300000 NTAMS 0x00000000e6300000 space 1024K,   0% used [0x00000000e6300000, 0x00000000e6400000)
AC   0  F    TS     0 PTAMS 0x00000000e6400000 NTAMS 0x00000000e6400000 space 1024K,   0% used [0x00000000e6400000, 0x00000000e6500000)
AC   0  F    TS     0 PTAMS 0x00000000e6500000 NTAMS 0x00000000e6500000 space 1024K,   0% used [0x00000000e6500000, 0x00000000e6600000)
AC   0  F    TS     0 PTAMS 0x00000000e6600000 NTAMS 0x00000000e6600000 space 1024K,   0% used [0x00000000e6600000, 0x00000000e6700000)
AC   0  F    TS     0 PTAMS 0x00000000e6700000 NTAMS 0x00000000e6700000 space 1024K,   0% used [0x00000000e6700000, 0x00000000e6800000)
AC   0  F    TS     0 PTAMS 0x00000000e6800000 NTAMS 0x00000000e6800000 space 1024K,   0% used [0x00000000e6800000, 0x00000000e6900000)
AC   0  F    TS     0 PTAMS 0x00000000e6900000 NTAMS 0x00000000e6900000 space 1024K,   0% used [0x00000000e6900000, 0x00000000e6a00000)
AC   0  F    TS     0 PTAMS 0x00000000e6a00000 NTAMS 0x00000000e6a00000 space 1024K,   0% used [0x00000000e6a00000, 0x00000000e6b00000)
AC   0  F    TS     0 PTAMS 0x00000000e6b00000 NTAMS 0x00000000e6b00000 space 1024K,   0% used [0x00000000e6b00000, 0x00000000e6c00000)
AC   0  F    TS     0 PTAMS 0x00000000e6c00000 NTAMS 0x00000000e6c00000 space 1024K,   0% used [0x00000000e6c00000, 0x00000000e6d00000)
AC   0  F    TS     0 PTAMS 0x00000000e6d00000 NTAMS 0x00000000e6d00000 space 1024K,   0% used [0x00000000e6d00000, 0x00000000e6e00000)
AC   0  F    TS     0 PTAMS 0x00000000e6e00000 NTAMS 0x00000000e6e00000 space 1024K,   0% used [0x00000000e6e00000, 0x00000000e6f00000)
AC   0  F    TS     0 PTAMS 0x00000000e6f00000 NTAMS 0x00000000e6f00000 space 1024K,   0% used [0x00000000e6f00000, 0x00000000e7000000)
AC   0  F    TS     0 PTAMS 0x00000000e7000000 NTAMS 0x00000000e7000000 space 1024K,   0% used [0x00000000e7000000, 0x00000000e7100000)
AC   0  F    TS     0 PTAMS 0x00000000e7100000 NTAMS 0x00000000e7100000 space 1024K,   0% used [0x00000000e7100000, 0x00000000e7200000)
AC   0  F    TS     0 PTAMS 0x00000000e7200000 NTAMS 0x00000000e7200000 space 1024K,   0% used [0x00000000e7200000, 0x00000000e7300000)
AC   0  F    TS     0 PTAMS 0x00000000e7300000 NTAMS 0x00000000e7300000 space 1024K,   0% used [0x00000000e7300000, 0x00000000e7400000)
AC   0  F    TS     0 PTAMS 0x00000000e7400000 NTAMS 0x00000000e7400000 space 1024K,   0% used [0x00000000e7400000, 0x00000000e7500000)
AC   0  F    TS     0 PTAMS 0x00000000e7500000 NTAMS 0x00000000e7500000 space 1024K,   0% used [0x00000000e7500000, 0x00000000e7600000)
AC   0  F    TS     0 PTAMS 0x00000000e7600000 NTAMS 0x00000000e7600000 space 1024K,   0% used [0x00000000e7600000, 0x00000000e7700000)
AC   0  F    TS     0 PTAMS 0x00000000e7700000 NTAMS 0x00000000e7700000 space 1024K,   0% used [0x00000000e7700000, 0x00000000e7800000)
AC   0  F    TS     0 PTAMS 0x00000000e7800000 NTAMS 0x00000000e7800000 space 1024K,   0% used [0x00000000e7800000, 0x00000000e7900000)
AC   0  F    TS     0 PTAMS 0x00000000e7900000 NTAMS 0x00000000e7900000 space 1024K,   0% used [0x00000000e7900000, 0x00000000e7a00000)
AC   0  F    TS     0 PTAMS 0x00000000e7a00000 NTAMS 0x00000000e7a00000 space 1024K,   0% used [0x00000000e7a00000, 0x00000000e7b00000)
AC   0  F    TS     0 PTAMS 0x00000000e7b00000 NTAMS 0x00000000e7b00000 space 1024K,   0% used [0x00000000e7b00000, 0x00000000e7c00000)
AC   0  F    TS     0 PTAMS 0x00000000e7c00000 NTAMS 0x00000000e7c00000 space 1024K,   0% used [0x00000000e7c00000, 0x00000000e7d00000)
AC   0  F    TS     0 PTAMS 0x00000000e7d00000 NTAMS 0x00000000e7d00000 space 1024K,   0% used [0x00000000e7d00000, 0x00000000e7e00000)
AC   0  F    TS     0 PTAMS 0x00000000e7e00000 NTAMS 0x00000000e7e00000 space 1024K,   0% used [0x00000000e7e00000, 0x00000000e7f00000)
AC   0  F    TS     0 PTAMS 0x00000000e7f00000 NTAMS 0x00000000e7f00000 space 1024K,   0% used [0x00000000e7f00000, 0x00000000e8000000)
AC   0  F    TS     0 PTAMS 0x00000000e8000000 NTAMS 0x00000000e8000000 space 1024K,   0% used [0x00000000e8000000, 0x00000000e8100000)
AC   0  F    TS     0 PTAMS 0x00000000e8100000 NTAMS 0x00000000e8100000 space 1024K,   0% used [0x00000000e8100000, 0x00000000e8200000)
AC   0  F    TS     0 PTAMS 0x00000000e8200000 NTAMS 0x00000000e8200000 space 1024K,   0% used [0x00000000e8200000, 0x00000000e8300000)
AC   0  F    TS     0 PTAMS 0x00000000e8300000 NTAMS 0x00000000e8300000 space 1024K,   0% used [0x00000000e8300000, 0x00000000e8400000)
AC   0  F    TS     0 PTAMS 0x00000000e8400000 NTAMS 0x00000000e8400000 space 1024K,   0% used [0x00000000e8400000, 0x00000000e8500000)
AC   0  F    TS     0 PTAMS 0x00000000e8500000 NTAMS 0x00000000e8500000 space 1024K,   0% used [0x00000000e8500000, 0x00000000e8600000)
AC   0  F    TS     0 PTAMS 0x00000000e8600000 NTAMS 0x00000000e8600000 space 1024K,   0% used [0x00000000e8600000, 0x00000000e8700000)
AC   0  F    TS     0 PTAMS 0x00000000e8700000 NTAMS 0x00000000e8700000 space 1024K,   0% used [0x00000000e8700000, 0x00000000e8800000)
AC   0  F    TS     0 PTAMS 0x00000000e8800000 NTAMS 0x00000000e8800000 space 1024K,   0% used [0x00000000e8800000, 0x00000000e8900000)
AC   0  F    TS     0 PTAMS 0x00000000e8900000 NTAMS 0x00000000e8900000 space 1024K,   0% used [0x00000000e8900000, 0x00000000e8a00000)
AC   0  F    TS     0 PTAMS 0x00000000e8a00000 NTAMS 0x00000000e8a00000 space 1024K,   0% used [0x00000000e8a00000, 0x00000000e8b00000)
AC   0  F    TS     0 PTAMS 0x00000000e8b00000 NTAMS 0x00000000e8b00000 space 1024K,   0% used [0x00000000e8b00000, 0x00000000e8c00000)
AC   0  F    TS     0 PTAMS 0x00000000e8c00000 NTAMS 0x00000000e8c00000 space 1024K,   0% used [0x00000000e8c00000, 0x00000000e8d00000)
AC   0  F    TS     0 PTAMS 0x00000000e8d00000 NTAMS 0x00000000e8d00000 space 1024K,   0% used [0x00000000e8d00000, 0x00000000e8e00000)
AC   0  F    TS     0 PTAMS 0x00000000e8e00000 NTAMS 0x00000000e8e00000 space 1024K,   0% used [0x00000000e8e00000, 0x00000000e8f00000)
AC   0  F    TS     0 PTAMS 0x00000000e8f00000 NTAMS 0x00000000e8f00000 space 1024K,   0% used [0x00000000e8f00000, 0x00000000e9000000)
AC   0  F    TS     0 PTAMS 0x00000000e9000000 NTAMS 0x00000000e9000000 space 1024K,   0% used [0x00000000e9000000, 0x00000000e9100000)
AC   0  F    TS     0 PTAMS 0x00000000e9100000 NTAMS 0x00000000e9100000 space 1024K,   0% used [0x00000000e9100000, 0x00000000e9200000)
AC   0  F    TS     0 PTAMS 0x00000000e9200000 NTAMS 0x00000000e9200000 space 1024K,   0% used [0x00000000e9200000, 0x00000000e9300000)
AC   0  F    TS     0 PTAMS 0x00000000e9300000 NTAMS 0x00000000e9300000 space 1024K,   0% used [0x00000000e9300000, 0x00000000e9400000)
AC   0  F    TS     0 PTAMS 0x00000000e9400000 NTAMS 0x00000000e9400000 space 1024K,   0% used [0x00000000e9400000, 0x00000000e9500000)
AC   0  F    TS     0 PTAMS 0x00000000e9500000 NTAMS 0x00000000e9500000 space 1024K,   0% used [0x00000000e9500000, 0x00000000e9600000)
AC   0  F    TS     0 PTAMS 0x00000000e9600000 NTAMS 0x00000000e9600000 space 1024K,   0% used [0x00000000e9600000, 0x00000000e9700000)
AC   0  F    TS     0 PTAMS 0x00000000e9700000 NTAMS 0x00000000e9700000 space 1024K,   0% used [0x00000000e9700000, 0x00000000e9800000)
AC   0  F    TS     0 PTAMS 0x00000000e9800000 NTAMS 0x00000000e9800000 space 1024K,   0% used [0x00000000e9800000, 0x00000000e9900000)
AC   0  F    TS     0 PTAMS 0x00000000e9900000 NTAMS 0x00000000e9900000 space 1024K,   0% used [0x00000000e9900000, 0x00000000e9a00000)
AC   0  F    TS     0 PTAMS 0x00000000e9a00000 NTAMS 0x00000000e9a00000 space 1024K,   0% used [0x00000000e9a00000, 0x00000000e9b00000)
AC   0  F    TS     0 PTAMS 0x00000000e9b00000 NTAMS 0x00000000e9b00000 space 1024K,   0% used [0x00000000e9b00000, 0x00000000e9c00000)
AC   0  F    TS     0 PTAMS 0x00000000e9c00000 NTAMS 0x00000000e9c00000 space 1024K,   0% used [0x00000000e9c00000, 0x00000000e9d00000)
AC   0  F    TS     0 PTAMS 0x00000000e9d00000 NTAMS 0x00000000e9d00000 space 1024K,   0% used [0x00000000e9d00000, 0x00000000e9e00000)
AC   0  F    TS     0 PTAMS 0x00000000e9e00000 NTAMS 0x00000000e9e00000 space 1024K,   0% used [0x00000000e9e00000, 0x00000000e9f00000)
AC   0  F    TS     0 PTAMS 0x00000000e9f00000 NTAMS 0x00000000e9f00000 space 1024K,   0% used [0x00000000e9f00000, 0x00000000ea000000)
AC   0  F    TS     0 PTAMS 0x00000000ea000000 NTAMS 0x00000000ea000000 space 1024K,   0% used [0x00000000ea000000, 0x00000000ea100000)
AC   0  F    TS     0 PTAMS 0x00000000ea100000 NTAMS 0x00000000ea100000 space 1024K,   0% used [0x00000000ea100000, 0x00000000ea200000)
AC   0  F    TS     0 PTAMS 0x00000000ea200000 NTAMS 0x00000000ea200000 space 1024K,   0% used [0x00000000ea200000, 0x00000000ea300000)
AC   0  F    TS     0 PTAMS 0x00000000ea300000 NTAMS 0x00000000ea300000 space 1024K,   0% used [0x00000000ea300000, 0x00000000ea400000)
AC   0  F    TS     0 PTAMS 0x00000000ea400000 NTAMS 0x00000000ea400000 space 1024K,   0% used [0x00000000ea400000, 0x00000000ea500000)
AC   0  F    TS     0 PTAMS 0x00000000ea500000 NTAMS 0x00000000ea500000 space 1024K,   0% used [0x00000000ea500000, 0x00000000ea600000)
AC   0  F    TS     0 PTAMS 0x00000000ea600000 NTAMS 0x00000000ea600000 space 1024K,   0% used [0x00000000ea600000, 0x00000000ea700000)
AC   0  F    TS     0 PTAMS 0x00000000ea700000 NTAMS 0x00000000ea700000 space 1024K,   0% used [0x00000000ea700000, 0x00000000ea800000)
AC   0  F    TS     0 PTAMS 0x00000000ea800000 NTAMS 0x00000000ea800000 space 1024K,   0% used [0x00000000ea800000, 0x00000000ea900000)
AC   0  F    TS     0 PTAMS 0x00000000ea900000 NTAMS 0x00000000ea900000 space 1024K,   0% used [0x00000000ea900000, 0x00000000eaa00000)
AC   0  F    TS     0 PTAMS 0x00000000eaa00000 NTAMS 0x00000000eaa00000 space 1024K,   0% used [0x00000000eaa00000, 0x00000000eab00000)
AC   0  F    TS     0 PTAMS 0x00000000eab00000 NTAMS 0x00000000eab00000 space 1024K,   0% used [0x00000000eab00000, 0x00000000eac00000)
AC   0  F    TS     0 PTAMS 0x00000000eac00000 NTAMS 0x00000000eac00000 space 1024K,   0% used [0x00000000eac00000, 0x00000000ead00000)
AC   0  F    TS     0 PTAMS 0x00000000ead00000 NTAMS 0x00000000ead00000 space 1024K,   0% used [0x00000000ead00000, 0x00000000eae00000)
AC   0  F    TS     0 PTAMS 0x00000000eae00000 NTAMS 0x00000000eae00000 space 1024K,   0% used [0x00000000eae00000, 0x00000000eaf00000)
AC   0  F    TS     0 PTAMS 0x00000000eaf00000 NTAMS 0x00000000eaf00000 space 1024K,   0% used [0x00000000eaf00000, 0x00000000eb000000)
AC   0  F    TS     0 PTAMS 0x00000000eb000000 NTAMS 0x00000000eb000000 space 1024K,   0% used [0x00000000eb000000, 0x00000000eb100000)
AC   0  F    TS     0 PTAMS 0x00000000eb100000 NTAMS 0x00000000eb100000 space 1024K,   0% used [0x00000000eb100000, 0x00000000eb200000)
AC   0  F    TS     0 PTAMS 0x00000000eb200000 NTAMS 0x00000000eb200000 space 1024K,   0% used [0x00000000eb200000, 0x00000000eb300000)
AC   0  F    TS     0 PTAMS 0x00000000eb300000 NTAMS 0x00000000eb300000 space 1024K,   0% used [0x00000000eb300000, 0x00000000eb400000)
AC   0  F    TS     0 PTAMS 0x00000000eb400000 NTAMS 0x00000000eb400000 space 1024K,   0% used [0x00000000eb400000, 0x00000000eb500000)
AC   0  F    TS     0 PTAMS 0x00000000eb500000 NTAMS 0x00000000eb500000 space 1024K,   0% used [0x00000000eb500000, 0x00000000eb600000)
AC   0  F    TS     0 PTAMS 0x00000000eb600000 NTAMS 0x00000000eb600000 space 1024K,   0% used [0x00000000eb600000, 0x00000000eb700000)
AC   0  F    TS     0 PTAMS 0x00000000eb700000 NTAMS 0x00000000eb700000 space 1024K,   0% used [0x00000000eb700000, 0x00000000eb800000)
AC   0  F    TS     0 PTAMS 0x00000000eb800000 NTAMS 0x00000000eb800000 space 1024K,   0% used [0x00000000eb800000, 0x00000000eb900000)
AC   0  F    TS     0 PTAMS 0x00000000eb900000 NTAMS 0x00000000eb900000 space 1024K,   0% used [0x00000000eb900000, 0x00000000eba00000)
AC   0  F    TS     0 PTAMS 0x00000000eba00000 NTAMS 0x00000000eba00000 space 1024K,   0% used [0x00000000eba00000, 0x00000000ebb00000)
AC   0  F    TS     0 PTAMS 0x00000000ebb00000 NTAMS 0x00000000ebb00000 space 1024K,   0% used [0x00000000ebb00000, 0x00000000ebc00000)
AC   0  F    TS     0 PTAMS 0x00000000ebc00000 NTAMS 0x00000000ebc00000 space 1024K,   0% used [0x00000000ebc00000, 0x00000000ebd00000)
AC   0  F    TS     0 PTAMS 0x00000000ebd00000 NTAMS 0x00000000ebd00000 space 1024K,   0% used [0x00000000ebd00000, 0x00000000ebe00000)
AC   0  F    TS     0 PTAMS 0x00000000ebe00000 NTAMS 0x00000000ebe00000 space 1024K,   0% used [0x00000000ebe00000, 0x00000000ebf00000)
AC   0  F    TS     0 PTAMS 0x00000000ebf00000 NTAMS 0x00000000ebf00000 space 1024K,   0% used [0x00000000ebf00000, 0x00000000ec000000)
AC   0  F    TS     0 PTAMS 0x00000000ec000000 NTAMS 0x00000000ec000000 space 1024K,   0% used [0x00000000ec000000, 0x00000000ec100000)
AC   0  F    TS     0 PTAMS 0x00000000ec100000 NTAMS 0x00000000ec100000 space 1024K,   0% used [0x00000000ec100000, 0x00000000ec200000)
AC   0  F    TS     0 PTAMS 0x00000000ec200000 NTAMS 0x00000000ec200000 space 1024K,   0% used [0x00000000ec200000, 0x00000000ec300000)
AC   0  F    TS     0 PTAMS 0x00000000ec300000 NTAMS 0x00000000ec300000 space 1024K,   0% used [0x00000000ec300000, 0x00000000ec400000)
AC   0  F    TS     0 PTAMS 0x00000000ec400000 NTAMS 0x00000000ec400000 space 1024K,   0% used [0x00000000ec400000, 0x00000000ec500000)
AC   0  F    TS     0 PTAMS 0x00000000ec500000 NTAMS 0x00000000ec500000 space 1024K,   0% used [0x00000000ec500000, 0x00000000ec600000)
AC   0  F    TS     0 PTAMS 0x00000000ec600000 NTAMS 0x00000000ec600000 space 1024K,   0% used [0x00000000ec600000, 0x00000000ec700000)
AC   0  F    TS     0 PTAMS 0x00000000ec700000 NTAMS 0x00000000ec700000 space 1024K,   0% used [0x00000000ec700000, 0x00000000ec800000)
AC   0  F    TS     0 PTAMS 0x00000000ec800000 NTAMS 0x00000000ec800000 space 1024K,   0% used [0x00000000ec800000, 0x00000000ec900000)
AC   0  F    TS     0 PTAMS 0x00000000ec900000 NTAMS 0x00000000ec900000 space 1024K,   0% used [0x00000000ec900000, 0x00000000eca00000)
AC   0  F    TS     0 PTAMS 0x00000000eca00000 NTAMS 0x00000000eca00000 space 1024K,   0% used [0x00000000eca00000, 0x00000000ecb00000)
AC   0  F    TS     0 PTAMS 0x00000000ecb00000 NTAMS 0x00000000ecb00000 space 1024K,   0% used [0x00000000ecb00000, 0x00000000ecc00000)
AC   0  F    TS     0 PTAMS 0x00000000ecc00000 NTAMS 0x00000000ecc00000 space 1024K,   0% used [0x00000000ecc00000, 0x00000000ecd00000)
AC   0  F    TS     0 PTAMS 0x00000000ecd00000 NTAMS 0x00000000ecd00000 space 1024K,   0% used [0x00000000ecd00000, 0x00000000ece00000)
AC   0  F    TS     0 PTAMS 0x00000000ece00000 NTAMS 0x00000000ece00000 space 1024K,   0% used [0x00000000ece00000, 0x00000000ecf00000)
AC   0  F    TS     0 PTAMS 0x00000000ecf00000 NTAMS 0x00000000ecf00000 space 1024K,   0% used [0x00000000ecf00000, 0x00000000ed000000)
AC   0  F    TS     0 PTAMS 0x00000000ed000000 NTAMS 0x00000000ed000000 space 1024K,   0% used [0x00000000ed000000, 0x00000000ed100000)
AC   0  F    TS     0 PTAMS 0x00000000ed100000 NTAMS 0x00000000ed100000 space 1024K,   0% used [0x00000000ed100000, 0x00000000ed200000)
AC   0  F    TS     0 PTAMS 0x00000000ed200000 NTAMS 0x00000000ed200000 space 1024K,   0% used [0x00000000ed200000, 0x00000000ed300000)
AC   0  F    TS     0 PTAMS 0x00000000ed300000 NTAMS 0x00000000ed300000 space 1024K,   0% used [0x00000000ed300000, 0x00000000ed400000)
AC   0  F    TS     0 PTAMS 0x00000000ed400000 NTAMS 0x00000000ed400000 space 1024K,   0% used [0x00000000ed400000, 0x00000000ed500000)
AC   0  F    TS     0 PTAMS 0x00000000ed500000 NTAMS 0x00000000ed500000 space 1024K,   0% used [0x00000000ed500000, 0x00000000ed600000)
AC   0  F    TS     0 PTAMS 0x00000000ed600000 NTAMS 0x00000000ed600000 space 1024K,   0% used [0x00000000ed600000, 0x00000000ed700000)
AC   0  F    TS     0 PTAMS 0x00000000ed700000 NTAMS 0x00000000ed700000 space 1024K,   0% used [0x00000000ed700000, 0x00000000ed800000)
AC   0  F    TS     0 PTAMS 0x00000000ed800000 NTAMS 0x00000000ed800000 space 1024K,   0% used [0x00000000ed800000, 0x00000000ed900000)
AC   0  F    TS     0 PTAMS 0x00000000ed900000 NTAMS 0x00000000ed900000 space 1024K,   0% used [0x00000000ed900000, 0x00000000eda00000)
AC   0  F    TS     0 PTAMS 0x00000000eda00000 NTAMS 0x00000000eda00000 space 1024K,   0% used [0x00000000eda00000, 0x00000000edb00000)
AC   0  F    TS     0 PTAMS 0x00000000edb00000 NTAMS 0x00000000edb00000 space 1024K,   0% used [0x00000000edb00000, 0x00000000edc00000)
AC   0  F    TS     0 PTAMS 0x00000000edc00000 NTAMS 0x00000000edc00000 space 1024K,   0% used [0x00000000edc00000, 0x00000000edd00000)
AC   0  F    TS     0 PTAMS 0x00000000edd00000 NTAMS 0x00000000edd00000 space 1024K,   0% used [0x00000000edd00000, 0x00000000ede00000)
AC   0  F    TS     0 PTAMS 0x00000000ede00000 NTAMS 0x00000000ede00000 space 1024K,   0% used [0x00000000ede00000, 0x00000000edf00000)
AC   0  F    TS     0 PTAMS 0x00000000edf00000 NTAMS 0x00000000edf00000 space 1024K,   0% used [0x00000000edf00000, 0x00000000ee000000)
AC   0  F    TS     0 PTAMS 0x00000000ee000000 NTAMS 0x00000000ee000000 space 1024K,   0% used [0x00000000ee000000, 0x00000000ee100000)
AC   0  F    TS     0 PTAMS 0x00000000ee100000 NTAMS 0x00000000ee100000 space 1024K,   0% used [0x00000000ee100000, 0x00000000ee200000)
AC   0  F    TS     0 PTAMS 0x00000000ee200000 NTAMS 0x00000000ee200000 space 1024K,   0% used [0x00000000ee200000, 0x00000000ee300000)
AC   0  F    TS     0 PTAMS 0x00000000ee300000 NTAMS 0x00000000ee300000 space 1024K,   0% used [0x00000000ee300000, 0x00000000ee400000)
AC   0  F    TS     0 PTAMS 0x00000000ee400000 NTAMS 0x00000000ee400000 space 1024K,   0% used [0x00000000ee400000, 0x00000000ee500000)
AC   0  F    TS     0 PTAMS 0x00000000ee500000 NTAMS 0x00000000ee500000 space 1024K,   0% used [0x00000000ee500000, 0x00000000ee600000)
AC   0  F    TS     0 PTAMS 0x00000000ee600000 NTAMS 0x00000000ee600000 space 1024K,   0% used [0x00000000ee600000, 0x00000000ee700000)
AC   0  F    TS     0 PTAMS 0x00000000ee700000 NTAMS 0x00000000ee700000 space 1024K,   0% used [0x00000000ee700000, 0x00000000ee800000)
AC   0  F    TS     0 PTAMS 0x00000000ee800000 NTAMS 0x00000000ee800000 space 1024K,   0% used [0x00000000ee800000, 0x00000000ee900000)
AC   0  F    TS     0 PTAMS 0x00000000ee900000 NTAMS 0x00000000ee900000 space 1024K,   0% used [0x00000000ee900000, 0x00000000eea00000)
AC   0  F    TS     0 PTAMS 0x00000000eea00000 NTAMS 0x00000000eea00000 space 1024K,   0% used [0x00000000eea00000, 0x00000000eeb00000)
AC   0  F    TS     0 PTAMS 0x00000000eeb00000 NTAMS 0x00000000eeb00000 space 1024K,   0% used [0x00000000eeb00000, 0x00000000eec00000)
AC   0  F    TS     0 PTAMS 0x00000000eec00000 NTAMS 0x00000000eec00000 space 1024K,   0% used [0x00000000eec00000, 0x00000000eed00000)
AC   0  F    TS     0 PTAMS 0x00000000eed00000 NTAMS 0x00000000eed00000 space 1024K,   0% used [0x00000000eed00000, 0x00000000eee00000)
AC   0  F    TS     0 PTAMS 0x00000000eee00000 NTAMS 0x00000000eee00000 space 1024K,   0% used [0x00000000eee00000, 0x00000000eef00000)
AC   0  F    TS     0 PTAMS 0x00000000eef00000 NTAMS 0x00000000eef00000 space 1024K,   0% used [0x00000000eef00000, 0x00000000ef000000)
AC   0  F    TS     0 PTAMS 0x00000000ef000000 NTAMS 0x00000000ef000000 space 1024K,   0% used [0x00000000ef000000, 0x00000000ef100000)
AC   0  F    TS     0 PTAMS 0x00000000ef100000 NTAMS 0x00000000ef100000 space 1024K,   0% used [0x00000000ef100000, 0x00000000ef200000)
AC   0  F    TS     0 PTAMS 0x00000000ef200000 NTAMS 0x00000000ef200000 space 1024K,   0% used [0x00000000ef200000, 0x00000000ef300000)
AC   0  F    TS     0 PTAMS 0x00000000ef300000 NTAMS 0x00000000ef300000 space 1024K,   0% used [0x00000000ef300000, 0x00000000ef400000)
AC   0  F    TS     0 PTAMS 0x00000000ef400000 NTAMS 0x00000000ef400000 space 1024K,   0% used [0x00000000ef400000, 0x00000000ef500000)
AC   0  F    TS     0 PTAMS 0x00000000ef500000 NTAMS 0x00000000ef500000 space 1024K,   0% used [0x00000000ef500000, 0x00000000ef600000)
AC   0  F    TS     0 PTAMS 0x00000000ef600000 NTAMS 0x00000000ef600000 space 1024K,   0% used [0x00000000ef600000, 0x00000000ef700000)
AC   0  F    TS     0 PTAMS 0x00000000ef700000 NTAMS 0x00000000ef700000 space 1024K,   0% used [0x00000000ef700000, 0x00000000ef800000)
AC   0  F    TS     0 PTAMS 0x00000000ef800000 NTAMS 0x00000000ef800000 space 1024K,   0% used [0x00000000ef800000, 0x00000000ef900000)
AC   0  F    TS     0 PTAMS 0x00000000ef900000 NTAMS 0x00000000ef900000 space 1024K,   0% used [0x00000000ef900000, 0x00000000efa00000)
AC   0  F    TS     0 PTAMS 0x00000000efa00000 NTAMS 0x00000000efa00000 space 1024K,   0% used [0x00000000efa00000, 0x00000000efb00000)
AC   0  F    TS     0 PTAMS 0x00000000efb00000 NTAMS 0x00000000efb00000 space 1024K,   0% used [0x00000000efb00000, 0x00000000efc00000)
AC   0  F    TS     0 PTAMS 0x00000000efc00000 NTAMS 0x00000000efc00000 space 1024K,   0% used [0x00000000efc00000, 0x00000000efd00000)
AC   0  F    TS     0 PTAMS 0x00000000efd00000 NTAMS 0x00000000efd00000 space 1024K,   0% used [0x00000000efd00000, 0x00000000efe00000)
AC   0  F    TS     0 PTAMS 0x00000000efe00000 NTAMS 0x00000000efe00000 space 1024K,   0% used [0x00000000efe00000, 0x00000000eff00000)
AC   0  F    TS     0 PTAMS 0x00000000eff00000 NTAMS 0x00000000eff00000 space 1024K,   0% used [0x00000000eff00000, 0x00000000f0000000)
AC   0  F    TS     0 PTAMS 0x00000000f0000000 NTAMS 0x00000000f0000000 space 1024K,   0% used [0x00000000f0000000, 0x00000000f0100000)
AC   0  F    TS     0 PTAMS 0x00000000f0100000 NTAMS 0x00000000f0100000 space 1024K,   0% used [0x00000000f0100000, 0x00000000f0200000)
AC   0  F    TS     0 PTAMS 0x00000000f0200000 NTAMS 0x00000000f0200000 space 1024K,   0% used [0x00000000f0200000, 0x00000000f0300000)
AC   0  F    TS     0 PTAMS 0x00000000f0300000 NTAMS 0x00000000f0300000 space 1024K,   0% used [0x00000000f0300000, 0x00000000f0400000)
AC   0  F    TS     0 PTAMS 0x00000000f0400000 NTAMS 0x00000000f0400000 space 1024K,   0% used [0x00000000f0400000, 0x00000000f0500000)
AC   0  F    TS     0 PTAMS 0x00000000f0500000 NTAMS 0x00000000f0500000 space 1024K,   0% used [0x00000000f0500000, 0x00000000f0600000)
AC   0  F    TS     0 PTAMS 0x00000000f0600000 NTAMS 0x00000000f0600000 space 1024K,   0% used [0x00000000f0600000, 0x00000000f0700000)
AC   0  F    TS     0 PTAMS 0x00000000f0700000 NTAMS 0x00000000f0700000 space 1024K,   0% used [0x00000000f0700000, 0x00000000f0800000)
AC   0  F    TS     0 PTAMS 0x00000000f0800000 NTAMS 0x00000000f0800000 space 1024K,   0% used [0x00000000f0800000, 0x00000000f0900000)
AC   0  F    TS     0 PTAMS 0x00000000f0900000 NTAMS 0x00000000f0900000 space 1024K,   0% used [0x00000000f0900000, 0x00000000f0a00000)
AC   0  F    TS     0 PTAMS 0x00000000f0a00000 NTAMS 0x00000000f0a00000 space 1024K,   0% used [0x00000000f0a00000, 0x00000000f0b00000)
AC   0  F    TS     0 PTAMS 0x00000000f0b00000 NTAMS 0x00000000f0b00000 space 1024K,   0% used [0x00000000f0b00000, 0x00000000f0c00000)
AC   0  F    TS     0 PTAMS 0x00000000f0c00000 NTAMS 0x00000000f0c00000 space 1024K,   0% used [0x00000000f0c00000, 0x00000000f0d00000)
AC   0  F    TS     0 PTAMS 0x00000000f0d00000 NTAMS 0x00000000f0d00000 space 1024K,   0% used [0x00000000f0d00000, 0x00000000f0e00000)
AC   0  F    TS     0 PTAMS 0x00000000f0e00000 NTAMS 0x00000000f0e00000 space 1024K,   0% used [0x00000000f0e00000, 0x00000000f0f00000)
AC   0  F    TS     0 PTAMS 0x00000000f0f00000 NTAMS 0x00000000f0f00000 space 1024K,   0% used [0x00000000f0f00000, 0x00000000f1000000)
AC   0  F    TS     0 PTAMS 0x00000000f1000000 NTAMS 0x00000000f1000000 space 1024K,   0% used [0x00000000f1000000, 0x00000000f1100000)
AC   0  F    TS     0 PTAMS 0x00000000f1100000 NTAMS 0x00000000f1100000 space 1024K,   0% used [0x00000000f1100000, 0x00000000f1200000)
AC   0  F    TS     0 PTAMS 0x00000000f1200000 NTAMS 0x00000000f1200000 space 1024K,   0% used [0x00000000f1200000, 0x00000000f1300000)
AC   0  F    TS     0 PTAMS 0x00000000f1300000 NTAMS 0x00000000f1300000 space 1024K,   0% used [0x00000000f1300000, 0x00000000f1400000)
AC   0  F    TS     0 PTAMS 0x00000000f1400000 NTAMS 0x00000000f1400000 space 1024K,   0% used [0x00000000f1400000, 0x00000000f1500000)
AC   0  F    TS     0 PTAMS 0x00000000f1500000 NTAMS 0x00000000f1500000 space 1024K,   0% used [0x00000000f1500000, 0x00000000f1600000)
AC   0  F    TS     0 PTAMS 0x00000000f1600000 NTAMS 0x00000000f1600000 space 1024K,   0% used [0x00000000f1600000, 0x00000000f1700000)
AC   0  F    TS     0 PTAMS 0x00000000f1700000 NTAMS 0x00000000f1700000 space 1024K,   0% used [0x00000000f1700000, 0x00000000f1800000)
AC   0  F    TS     0 PTAMS 0x00000000f1800000 NTAMS 0x00000000f1800000 space 1024K,   0% used [0x00000000f1800000, 0x00000000f1900000)
AC   0  F    TS     0 PTAMS 0x00000000f1900000 NTAMS 0x00000000f1900000 space 1024K,   0% used [0x00000000f1900000, 0x00000000f1a00000)
AC   0  F    TS     0 PTAMS 0x00000000f1a00000 NTAMS 0x00000000f1a00000 space 1024K,   0% used [0x00000000f1a00000, 0x00000000f1b00000)
AC   0  F    TS     0 PTAMS 0x00000000f1b00000 NTAMS 0x00000000f1b00000 space 1024K,   0% used [0x00000000f1b00000, 0x00000000f1c00000)
AC   0  F    TS     0 PTAMS 0x00000000f1c00000 NTAMS 0x00000000f1c00000 space 1024K,   0% used [0x00000000f1c00000, 0x00000000f1d00000)
AC   0  F    TS     0 PTAMS 0x00000000f1d00000 NTAMS 0x00000000f1d00000 space 1024K,   0% used [0x00000000f1d00000, 0x00000000f1e00000)
AC   0  F    TS     0 PTAMS 0x00000000f1e00000 NTAMS 0x00000000f1e00000 space 1024K,   0% used [0x00000000f1e00000, 0x00000000f1f00000)
AC   0  F    TS     0 PTAMS 0x00000000f1f00000 NTAMS 0x00000000f1f00000 space 1024K,   0% used [0x00000000f1f00000, 0x00000000f2000000)
AC   0  F    TS     0 PTAMS 0x00000000f2000000 NTAMS 0x00000000f2000000 space 1024K,   0% used [0x00000000f2000000, 0x00000000f2100000)
AC   0  F    TS     0 PTAMS 0x00000000f2100000 NTAMS 0x00000000f2100000 space 1024K,   0% used [0x00000000f2100000, 0x00000000f2200000)
AC   0  F    TS     0 PTAMS 0x00000000f2200000 NTAMS 0x00000000f2200000 space 1024K,   0% used [0x00000000f2200000, 0x00000000f2300000)
AC   0  F    TS     0 PTAMS 0x00000000f2300000 NTAMS 0x00000000f2300000 space 1024K,   0% used [0x00000000f2300000, 0x00000000f2400000)
AC   0  F    TS     0 PTAMS 0x00000000f2400000 NTAMS 0x00000000f2400000 space 1024K,   0% used [0x00000000f2400000, 0x00000000f2500000)
AC   0  F    TS     0 PTAMS 0x00000000f2500000 NTAMS 0x00000000f2500000 space 1024K,   0% used [0x00000000f2500000, 0x00000000f2600000)
AC   0  F    TS     0 PTAMS 0x00000000f2600000 NTAMS 0x00000000f2600000 space 1024K,   0% used [0x00000000f2600000, 0x00000000f2700000)
AC   0  F    TS     0 PTAMS 0x00000000f2700000 NTAMS 0x00000000f2700000 space 1024K,   0% used [0x00000000f2700000, 0x00000000f2800000)
AC   0  F    TS     0 PTAMS 0x00000000f2800000 NTAMS 0x00000000f2800000 space 1024K,   0% used [0x00000000f2800000, 0x00000000f2900000)
AC   0  F    TS     0 PTAMS 0x00000000f2900000 NTAMS 0x00000000f2900000 space 1024K,   0% used [0x00000000f2900000, 0x00000000f2a00000)
AC   0  F    TS     0 PTAMS 0x00000000f2a00000 NTAMS 0x00000000f2a00000 space 1024K,   0% used [0x00000000f2a00000, 0x00000000f2b00000)
AC   0  F    TS     0 PTAMS 0x00000000f2b00000 NTAMS 0x00000000f2b00000 space 1024K,   0% used [0x00000000f2b00000, 0x00000000f2c00000)
AC   0  F    TS     0 PTAMS 0x00000000f2c00000 NTAMS 0x00000000f2c00000 space 1024K,   0% used [0x00000000f2c00000, 0x00000000f2d00000)
AC   0  F    TS     0 PTAMS 0x00000000f2d00000 NTAMS 0x00000000f2d00000 space 1024K,   0% used [0x00000000f2d00000, 0x00000000f2e00000)
AC   0  F    TS     0 PTAMS 0x00000000f2e00000 NTAMS 0x00000000f2e00000 space 1024K,   0% used [0x00000000f2e00000, 0x00000000f2f00000)
AC   0  F    TS     0 PTAMS 0x00000000f2f00000 NTAMS 0x00000000f2f00000 space 1024K,   0% used [0x00000000f2f00000, 0x00000000f3000000)
AC   0  F    TS     0 PTAMS 0x00000000f3000000 NTAMS 0x00000000f3000000 space 1024K,   0% used [0x00000000f3000000, 0x00000000f3100000)
AC   0  F    TS     0 PTAMS 0x00000000f3100000 NTAMS 0x00000000f3100000 space 1024K,   0% used [0x00000000f3100000, 0x00000000f3200000)
AC   0  F    TS     0 PTAMS 0x00000000f3200000 NTAMS 0x00000000f3200000 space 1024K,   0% used [0x00000000f3200000, 0x00000000f3300000)
AC   0  F    TS     0 PTAMS 0x00000000f3300000 NTAMS 0x00000000f3300000 space 1024K,   0% used [0x00000000f3300000, 0x00000000f3400000)
AC   0  F    TS     0 PTAMS 0x00000000f3400000 NTAMS 0x00000000f3400000 space 1024K,   0% used [0x00000000f3400000, 0x00000000f3500000)
AC   0  F    TS     0 PTAMS 0x00000000f3500000 NTAMS 0x00000000f3500000 space 1024K,   0% used [0x00000000f3500000, 0x00000000f3600000)
AC   0  F    TS     0 PTAMS 0x00000000f3600000 NTAMS 0x00000000f3600000 space 1024K,   0% used [0x00000000f3600000, 0x00000000f3700000)
AC   0  F    TS     0 PTAMS 0x00000000f3700000 NTAMS 0x00000000f3700000 space 1024K,   0% used [0x00000000f3700000, 0x00000000f3800000)
AC   0  F    TS     0 PTAMS 0x00000000f3800000 NTAMS 0x00000000f3800000 space 1024K,   0% used [0x00000000f3800000, 0x00000000f3900000)
AC   0  F    TS     0 PTAMS 0x00000000f3900000 NTAMS 0x00000000f3900000 space 1024K,   0% used [0x00000000f3900000, 0x00000000f3a00000)
AC   0  F    TS     0 PTAMS 0x00000000f3a00000 NTAMS 0x00000000f3a00000 space 1024K,   0% used [0x00000000f3a00000, 0x00000000f3b00000)
AC   0  F    TS     0 PTAMS 0x00000000f3b00000 NTAMS 0x00000000f3b00000 space 1024K,   0% used [0x00000000f3b00000, 0x00000000f3c00000)
AC   0  F    TS     0 PTAMS 0x00000000f3c00000 NTAMS 0x00000000f3c00000 space 1024K,   0% used [0x00000000f3c00000, 0x00000000f3d00000)
AC   0  F    TS     0 PTAMS 0x00000000f3d00000 NTAMS 0x00000000f3d00000 space 1024K,   0% used [0x00000000f3d00000, 0x00000000f3e00000)
AC   0  F    TS     0 PTAMS 0x00000000f3e00000 NTAMS 0x00000000f3e00000 space 1024K,   0% used [0x00000000f3e00000, 0x00000000f3f00000)
AC   0  F    TS     0 PTAMS 0x00000000f3f00000 NTAMS 0x00000000f3f00000 space 1024K,   0% used [0x00000000f3f00000, 0x00000000f4000000)
AC   0  F    TS     0 PTAMS 0x00000000f4000000 NTAMS 0x00000000f4000000 space 1024K,   0% used [0x00000000f4000000, 0x00000000f4100000)
AC   0  F    TS     0 PTAMS 0x00000000f4100000 NTAMS 0x00000000f4100000 space 1024K,   0% used [0x00000000f4100000, 0x00000000f4200000)
AC   0  F    TS     0 PTAMS 0x00000000f4200000 NTAMS 0x00000000f4200000 space 1024K,   0% used [0x00000000f4200000, 0x00000000f4300000)
AC   0  F    TS     0 PTAMS 0x00000000f4300000 NTAMS 0x00000000f4300000 space 1024K,   0% used [0x00000000f4300000, 0x00000000f4400000)
AC   0  F    TS     0 PTAMS 0x00000000f4400000 NTAMS 0x00000000f4400000 space 1024K,   0% used [0x00000000f4400000, 0x00000000f4500000)
AC   0  F    TS     0 PTAMS 0x00000000f4500000 NTAMS 0x00000000f4500000 space 1024K,   0% used [0x00000000f4500000, 0x00000000f4600000)
AC   0  F    TS     0 PTAMS 0x00000000f4600000 NTAMS 0x00000000f4600000 space 1024K,   0% used [0x00000000f4600000, 0x00000000f4700000)
AC   0  F    TS     0 PTAMS 0x00000000f4700000 NTAMS 0x00000000f4700000 space 1024K,   0% used [0x00000000f4700000, 0x00000000f4800000)
AC   0  F    TS     0 PTAMS 0x00000000f4800000 NTAMS 0x00000000f4800000 space 1024K,   0% used [0x00000000f4800000, 0x00000000f4900000)
AC   0  F    TS     0 PTAMS 0x00000000f4900000 NTAMS 0x00000000f4900000 space 1024K,   0% used [0x00000000f4900000, 0x00000000f4a00000)
AC   0  F    TS     0 PTAMS 0x00000000f4a00000 NTAMS 0x00000000f4a00000 space 1024K,   0% used [0x00000000f4a00000, 0x00000000f4b00000)
AC   0  F    TS     0 PTAMS 0x00000000f4b00000 NTAMS 0x00000000f4b00000 space 1024K,   0% used [0x00000000f4b00000, 0x00000000f4c00000)
AC   0  F    TS     0 PTAMS 0x00000000f4c00000 NTAMS 0x00000000f4c00000 space 1024K,   0% used [0x00000000f4c00000, 0x00000000f4d00000)
AC   0  F    TS     0 PTAMS 0x00000000f4d00000 NTAMS 0x00000000f4d00000 space 1024K,   0% used [0x00000000f4d00000, 0x00000000f4e00000)
AC   0  F    TS     0 PTAMS 0x00000000f4e00000 NTAMS 0x00000000f4e00000 space 1024K,   0% used [0x00000000f4e00000, 0x00000000f4f00000)
AC   0  F    TS     0 PTAMS 0x00000000f4f00000 NTAMS 0x00000000f4f00000 space 1024K,   0% used [0x00000000f4f00000, 0x00000000f5000000)
AC   0  F    TS     0 PTAMS 0x00000000f5000000 NTAMS 0x00000000f5000000 space 1024K,   0% used [0x00000000f5000000, 0x00000000f5100000)
AC   0  F    TS     0 PTAMS 0x00000000f5100000 NTAMS 0x00000000f5100000 space 1024K,   0% used [0x00000000f5100000, 0x00000000f5200000)
AC   0  F    TS     0 PTAMS 0x00000000f5200000 NTAMS 0x00000000f5200000 space 1024K,   0% used [0x00000000f5200000, 0x00000000f5300000)
AC   0  F    TS     0 PTAMS 0x00000000f5300000 NTAMS 0x00000000f5300000 space 1024K,   0% used [0x00000000f5300000, 0x00000000f5400000)
AC   0  F    TS     0 PTAMS 0x00000000f5400000 NTAMS 0x00000000f5400000 space 1024K,   0% used [0x00000000f5400000, 0x00000000f5500000)
AC   0  F    TS     0 PTAMS 0x00000000f5500000 NTAMS 0x00000000f5500000 space 1024K,   0% used [0x00000000f5500000, 0x00000000f5600000)
AC   0  F    TS     0 PTAMS 0x00000000f5600000 NTAMS 0x00000000f5600000 space 1024K,   0% used [0x00000000f5600000, 0x00000000f5700000)
AC   0  F    TS     0 PTAMS 0x00000000f5700000 NTAMS 0x00000000f5700000 space 1024K,   0% used [0x00000000f5700000, 0x00000000f5800000)
AC   0  F    TS     0 PTAMS 0x00000000f5800000 NTAMS 0x00000000f5800000 space 1024K,   0% used [0x00000000f5800000, 0x00000000f5900000)
AC   0  F    TS     0 PTAMS 0x00000000f5900000 NTAMS 0x00000000f5900000 space 1024K,   0% used [0x00000000f5900000, 0x00000000f5a00000)
AC   0  F    TS     0 PTAMS 0x00000000f5a00000 NTAMS 0x00000000f5a00000 space 1024K,   0% used [0x00000000f5a00000, 0x00000000f5b00000)
AC   0  F    TS     0 PTAMS 0x00000000f5b00000 NTAMS 0x00000000f5b00000 space 1024K,   0% used [0x00000000f5b00000, 0x00000000f5c00000)
AC   0  F    TS     0 PTAMS 0x00000000f5c00000 NTAMS 0x00000000f5c00000 space 1024K,   0% used [0x00000000f5c00000, 0x00000000f5d00000)
AC   0  F    TS     0 PTAMS 0x00000000f5d00000 NTAMS 0x00000000f5d00000 space 1024K,   0% used [0x00000000f5d00000, 0x00000000f5e00000)
AC   0  F    TS     0 PTAMS 0x00000000f5e00000 NTAMS 0x00000000f5e00000 space 1024K,   0% used [0x00000000f5e00000, 0x00000000f5f00000)
AC   0  F    TS     0 PTAMS 0x00000000f5f00000 NTAMS 0x00000000f5f00000 space 1024K,   0% used [0x00000000f5f00000, 0x00000000f6000000)
AC   0  F    TS     0 PTAMS 0x00000000f6000000 NTAMS 0x00000000f6000000 space 1024K,   0% used [0x00000000f6000000, 0x00000000f6100000)
AC   0  F    TS     0 PTAMS 0x00000000f6100000 NTAMS 0x00000000f6100000 space 1024K,   0% used [0x00000000f6100000, 0x00000000f6200000)
AC   0  F    TS     0 PTAMS 0x00000000f6200000 NTAMS 0x00000000f6200000 space 1024K,   0% used [0x00000000f6200000, 0x00000000f6300000)
AC   0  F    TS     0 PTAMS 0x00000000f6300000 NTAMS 0x00000000f6300000 space 1024K,   0% used [0x00000000f6300000, 0x00000000f6400000)
AC   0  F    TS     0 PTAMS 0x00000000f6400000 NTAMS 0x00000000f6400000 space 1024K,   0% used [0x00000000f6400000, 0x00000000f6500000)
AC   0  F    TS     0 PTAMS 0x00000000f6500000 NTAMS 0x00000000f6500000 space 1024K,   0% used [0x00000000f6500000, 0x00000000f6600000)
AC   0  F    TS     0 PTAMS 0x00000000f6600000 NTAMS 0x00000000f6600000 space 1024K,   0% used [0x00000000f6600000, 0x00000000f6700000)
AC   0  F    TS     0 PTAMS 0x00000000f6700000 NTAMS 0x00000000f6700000 space 1024K,   0% used [0x00000000f6700000, 0x00000000f6800000)
AC   0  F    TS     0 PTAMS 0x00000000f6800000 NTAMS 0x00000000f6800000 space 1024K,   0% used [0x00000000f6800000, 0x00000000f6900000)
AC   0  F    TS     0 PTAMS 0x00000000f6900000 NTAMS 0x00000000f6900000 space 1024K,   0% used [0x00000000f6900000, 0x00000000f6a00000)
AC   0  F    TS     0 PTAMS 0x00000000f6a00000 NTAMS 0x00000000f6a00000 space 1024K,   0% used [0x00000000f6a00000, 0x00000000f6b00000)
AC   0  F    TS     0 PTAMS 0x00000000f6b00000 NTAMS 0x00000000f6b00000 space 1024K,   0% used [0x00000000f6b00000, 0x00000000f6c00000)
AC   0  F    TS     0 PTAMS 0x00000000f6c00000 NTAMS 0x00000000f6c00000 space 1024K,   0% used [0x00000000f6c00000, 0x00000000f6d00000)
AC   0  F    TS     0 PTAMS 0x00000000f6d00000 NTAMS 0x00000000f6d00000 space 1024K,   0% used [0x00000000f6d00000, 0x00000000f6e00000)
AC   0  F    TS     0 PTAMS 0x00000000f6e00000 NTAMS 0x00000000f6e00000 space 1024K,   0% used [0x00000000f6e00000, 0x00000000f6f00000)
AC   0  F    TS     0 PTAMS 0x00000000f6f00000 NTAMS 0x00000000f6f00000 space 1024K,   0% used [0x00000000f6f00000, 0x00000000f7000000)
AC   0  F    TS     0 PTAMS 0x00000000f7000000 NTAMS 0x00000000f7000000 space 1024K,   0% used [0x00000000f7000000, 0x00000000f7100000)
AC   0  F    TS     0 PTAMS 0x00000000f7100000 NTAMS 0x00000000f7100000 space 1024K,   0% used [0x00000000f7100000, 0x00000000f7200000)
AC   0  F    TS     0 PTAMS 0x00000000f7200000 NTAMS 0x00000000f7200000 space 1024K,   0% used [0x00000000f7200000, 0x00000000f7300000)
AC   0  F    TS     0 PTAMS 0x00000000f7300000 NTAMS 0x00000000f7300000 space 1024K,   0% used [0x00000000f7300000, 0x00000000f7400000)
AC   0  F    TS     0 PTAMS 0x00000000f7400000 NTAMS 0x00000000f7400000 space 1024K,   0% used [0x00000000f7400000, 0x00000000f7500000)
AC   0  F    TS     0 PTAMS 0x00000000f7500000 NTAMS 0x00000000f7500000 space 1024K,   0% used [0x00000000f7500000, 0x00000000f7600000)
AC   0  F    TS     0 PTAMS 0x00000000f7600000 NTAMS 0x00000000f7600000 space 1024K,   0% used [0x00000000f7600000, 0x00000000f7700000)
AC   0  F    TS     0 PTAMS 0x00000000f7700000 NTAMS 0x00000000f7700000 space 1024K,   0% used [0x00000000f7700000, 0x00000000f7800000)
AC   0  F    TS     0 PTAMS 0x00000000f7800000 NTAMS 0x00000000f7800000 space 1024K,   0% used [0x00000000f7800000, 0x00000000f7900000)
AC   0  F    TS     0 PTAMS 0x00000000f7900000 NTAMS 0x00000000f7900000 space 1024K,   0% used [0x00000000f7900000, 0x00000000f7a00000)
AC   0  F    TS     0 PTAMS 0x00000000f7a00000 NTAMS 0x00000000f7a00000 space 1024K,   0% used [0x00000000f7a00000, 0x00000000f7b00000)
AC   0  F    TS     0 PTAMS 0x00000000f7b00000 NTAMS 0x00000000f7b00000 space 1024K,   0% used [0x00000000f7b00000, 0x00000000f7c00000)
AC   0  F    TS     0 PTAMS 0x00000000f7c00000 NTAMS 0x00000000f7c00000 space 1024K,   0% used [0x00000000f7c00000, 0x00000000f7d00000)
AC   0  F    TS     0 PTAMS 0x00000000f7d00000 NTAMS 0x00000000f7d00000 space 1024K,   0% used [0x00000000f7d00000, 0x00000000f7e00000)
AC   0  F    TS     0 PTAMS 0x00000000f7e00000 NTAMS 0x00000000f7e00000 space 1024K,   0% used [0x00000000f7e00000, 0x00000000f7f00000)
AC   0  F    TS     0 PTAMS 0x00000000f7f00000 NTAMS 0x00000000f7f00000 space 1024K,   0% used [0x00000000f7f00000, 0x00000000f8000000)
AC   0  F    TS     0 PTAMS 0x00000000f8000000 NTAMS 0x00000000f8000000 space 1024K,   0% used [0x00000000f8000000, 0x00000000f8100000)
AC   0  F    TS     0 PTAMS 0x00000000f8100000 NTAMS 0x00000000f8100000 space 1024K,   0% used [0x00000000f8100000, 0x00000000f8200000)
AC   0  F    TS     0 PTAMS 0x00000000f8200000 NTAMS 0x00000000f8200000 space 1024K,   0% used [0x00000000f8200000, 0x00000000f8300000)
AC   0  F    TS     0 PTAMS 0x00000000f8300000 NTAMS 0x00000000f8300000 space 1024K,   0% used [0x00000000f8300000, 0x00000000f8400000)
AC   0  F    TS     0 PTAMS 0x00000000f8400000 NTAMS 0x00000000f8400000 space 1024K,   0% used [0x00000000f8400000, 0x00000000f8500000)
AC   0  F    TS     0 PTAMS 0x00000000f8500000 NTAMS 0x00000000f8500000 space 1024K,   0% used [0x00000000f8500000, 0x00000000f8600000)
AC   0  F    TS     0 PTAMS 0x00000000f8600000 NTAMS 0x00000000f8600000 space 1024K,   0% used [0x00000000f8600000, 0x00000000f8700000)
AC   0  F    TS     0 PTAMS 0x00000000f8700000 NTAMS 0x00000000f8700000 space 1024K,   0% used [0x00000000f8700000, 0x00000000f8800000)
AC   0  F    TS     0 PTAMS 0x00000000f8800000 NTAMS 0x00000000f8800000 space 1024K,   0% used [0x00000000f8800000, 0x00000000f8900000)
AC   0  F    TS     0 PTAMS 0x00000000f8900000 NTAMS 0x00000000f8900000 space 1024K,   0% used [0x00000000f8900000, 0x00000000f8a00000)
AC   0  F    TS     0 PTAMS 0x00000000f8a00000 NTAMS 0x00000000f8a00000 space 1024K,   0% used [0x00000000f8a00000, 0x00000000f8b00000)
AC   0  F    TS     0 PTAMS 0x00000000f8b00000 NTAMS 0x00000000f8b00000 space 1024K,   0% used [0x00000000f8b00000, 0x00000000f8c00000)
AC   0  F    TS     0 PTAMS 0x00000000f8c00000 NTAMS 0x00000000f8c00000 space 1024K,   0% used [0x00000000f8c00000, 0x00000000f8d00000)
AC   0  F    TS     0 PTAMS 0x00000000f8d00000 NTAMS 0x00000000f8d00000 space 1024K,   0% used [0x00000000f8d00000, 0x00000000f8e00000)
AC   0  F    TS     0 PTAMS 0x00000000f8e00000 NTAMS 0x00000000f8e00000 space 1024K,   0% used [0x00000000f8e00000, 0x00000000f8f00000)
AC   0  F    TS     0 PTAMS 0x00000000f8f00000 NTAMS 0x00000000f8f00000 space 1024K,   0% used [0x00000000f8f00000, 0x00000000f9000000)
AC   0  F    TS     0 PTAMS 0x00000000f9000000 NTAMS 0x00000000f9000000 space 1024K,   0% used [0x00000000f9000000, 0x00000000f9100000)
AC   0  F    TS     0 PTAMS 0x00000000f9100000 NTAMS 0x00000000f9100000 space 1024K,   0% used [0x00000000f9100000, 0x00000000f9200000)
AC   0  F    TS     0 PTAMS 0x00000000f9200000 NTAMS 0x00000000f9200000 space 1024K,   0% used [0x00000000f9200000, 0x00000000f9300000)
AC   0  F    TS     0 PTAMS 0x00000000f9300000 NTAMS 0x00000000f9300000 space 1024K,   0% used [0x00000000f9300000, 0x00000000f9400000)
AC   0  F    TS     0 PTAMS 0x00000000f9400000 NTAMS 0x00000000f9400000 space 1024K,   0% used [0x00000000f9400000, 0x00000000f9500000)
AC   0  F    TS     0 PTAMS 0x00000000f9500000 NTAMS 0x00000000f9500000 space 1024K,   0% used [0x00000000f9500000, 0x00000000f9600000)
AC   0  F    TS     0 PTAMS 0x00000000f9600000 NTAMS 0x00000000f9600000 space 1024K,   0% used [0x00000000f9600000, 0x00000000f9700000)
AC   0  F    TS     0 PTAMS 0x00000000f9700000 NTAMS 0x00000000f9700000 space 1024K,   0% used [0x00000000f9700000, 0x00000000f9800000)
AC   0  F    TS     0 PTAMS 0x00000000f9800000 NTAMS 0x00000000f9800000 space 1024K,   0% used [0x00000000f9800000, 0x00000000f9900000)
AC   0  F    TS     0 PTAMS 0x00000000f9900000 NTAMS 0x00000000f9900000 space 1024K,   0% used [0x00000000f9900000, 0x00000000f9a00000)
AC   0  F    TS     0 PTAMS 0x00000000f9a00000 NTAMS 0x00000000f9a00000 space 1024K,   0% used [0x00000000f9a00000, 0x00000000f9b00000)
AC   0  F    TS     0 PTAMS 0x00000000f9b00000 NTAMS 0x00000000f9b00000 space 1024K,   0% used [0x00000000f9b00000, 0x00000000f9c00000)
AC   0  F    TS     0 PTAMS 0x00000000f9c00000 NTAMS 0x00000000f9c00000 space 1024K,   0% used [0x00000000f9c00000, 0x00000000f9d00000)
AC   0  F    TS     0 PTAMS 0x00000000f9d00000 NTAMS 0x00000000f9d00000 space 1024K,   0% used [0x00000000f9d00000, 0x00000000f9e00000)
AC   0  F    TS     0 PTAMS 0x00000000f9e00000 NTAMS 0x00000000f9e00000 space 1024K,   0% used [0x00000000f9e00000, 0x00000000f9f00000)
AC   0  F    TS     0 PTAMS 0x00000000f9f00000 NTAMS 0x00000000f9f00000 space 1024K,   0% used [0x00000000f9f00000, 0x00000000fa000000)
AC   0  F    TS     0 PTAMS 0x00000000fa000000 NTAMS 0x00000000fa000000 space 1024K,   0% used [0x00000000fa000000, 0x00000000fa100000)
AC   0  F    TS     0 PTAMS 0x00000000fa100000 NTAMS 0x00000000fa100000 space 1024K,   0% used [0x00000000fa100000, 0x00000000fa200000)
AC   0  S CS TS     0 PTAMS 0x00000000fa200000 NTAMS 0x00000000fa200000 space 1024K,  66% used [0x00000000fa200000, 0x00000000fa300000)
AC   0  S CS TS     0 PTAMS 0x00000000fa300000 NTAMS 0x00000000fa300000 space 1024K, 100% used [0x00000000fa300000, 0x00000000fa400000)
AC   0  S CS TS     0 PTAMS 0x00000000fa400000 NTAMS 0x00000000fa400000 space 1024K, 100% used [0x00000000fa400000, 0x00000000fa500000)
AC   0  S CS TS     0 PTAMS 0x00000000fa500000 NTAMS 0x00000000fa500000 space 1024K, 100% used [0x00000000fa500000, 0x00000000fa600000)
AC   0  S CS TS     0 PTAMS 0x00000000fa600000 NTAMS 0x00000000fa600000 space 1024K, 100% used [0x00000000fa600000, 0x00000000fa700000)
AC   0  S CS TS     0 PTAMS 0x00000000fa700000 NTAMS 0x00000000fa700000 space 1024K, 100% used [0x00000000fa700000, 0x00000000fa800000)
AC   0  S CS TS     0 PTAMS 0x00000000fa800000 NTAMS 0x00000000fa800000 space 1024K, 100% used [0x00000000fa800000, 0x00000000fa900000)
AC   0  S CS TS     0 PTAMS 0x00000000fa900000 NTAMS 0x00000000fa900000 space 1024K, 100% used [0x00000000fa900000, 0x00000000faa00000)
AC   0  S CS TS     0 PTAMS 0x00000000faa00000 NTAMS 0x00000000faa00000 space 1024K, 100% used [0x00000000faa00000, 0x00000000fab00000)
AC   0  S CS TS     0 PTAMS 0x00000000fab00000 NTAMS 0x00000000fab00000 space 1024K, 100% used [0x00000000fab00000, 0x00000000fac00000)
AC   0  S CS TS     0 PTAMS 0x00000000fac00000 NTAMS 0x00000000fac00000 space 1024K, 100% used [0x00000000fac00000, 0x00000000fad00000)
AC   0  S CS TS     0 PTAMS 0x00000000fad00000 NTAMS 0x00000000fad00000 space 1024K, 100% used [0x00000000fad00000, 0x00000000fae00000)
AC   0  S CS TS     0 PTAMS 0x00000000fae00000 NTAMS 0x00000000fae00000 space 1024K, 100% used [0x00000000fae00000, 0x00000000faf00000)
AC   0  F    TS     0 PTAMS 0x00000000faf00000 NTAMS 0x00000000faf00000 space 1024K,   0% used [0x00000000faf00000, 0x00000000fb000000)
AC   0  F    TS     0 PTAMS 0x00000000fb000000 NTAMS 0x00000000fb000000 space 1024K,   0% used [0x00000000fb000000, 0x00000000fb100000)
AC   0  F    TS     0 PTAMS 0x00000000fb100000 NTAMS 0x00000000fb100000 space 1024K,   0% used [0x00000000fb100000, 0x00000000fb200000)
AC   0  F    TS     0 PTAMS 0x00000000fb200000 NTAMS 0x00000000fb200000 space 1024K,   0% used [0x00000000fb200000, 0x00000000fb300000)
AC   0  F    TS     0 PTAMS 0x00000000fb300000 NTAMS 0x00000000fb300000 space 1024K,   0% used [0x00000000fb300000, 0x00000000fb400000)
AC   0  F    TS     0 PTAMS 0x00000000fb400000 NTAMS 0x00000000fb400000 space 1024K,   0% used [0x00000000fb400000, 0x00000000fb500000)
AC   0  F    TS     0 PTAMS 0x00000000fb500000 NTAMS 0x00000000fb500000 space 1024K,   0% used [0x00000000fb500000, 0x00000000fb600000)
AC   0  F    TS     0 PTAMS 0x00000000fb600000 NTAMS 0x00000000fb600000 space 1024K,   0% used [0x00000000fb600000, 0x00000000fb700000)
AC   0  F    TS     0 PTAMS 0x00000000fb700000 NTAMS 0x00000000fb700000 space 1024K,   0% used [0x00000000fb700000, 0x00000000fb800000)
AC   0  F    TS     0 PTAMS 0x00000000fb800000 NTAMS 0x00000000fb800000 space 1024K,   0% used [0x00000000fb800000, 0x00000000fb900000)
AC   0  F    TS     0 PTAMS 0x00000000fb900000 NTAMS 0x00000000fb900000 space 1024K,   0% used [0x00000000fb900000, 0x00000000fba00000)
AC   0  F    TS     0 PTAMS 0x00000000fba00000 NTAMS 0x00000000fba00000 space 1024K,   0% used [0x00000000fba00000, 0x00000000fbb00000)
AC   0  F    TS     0 PTAMS 0x00000000fbb00000 NTAMS 0x00000000fbb00000 space 1024K,   0% used [0x00000000fbb00000, 0x00000000fbc00000)
AC   0  F    TS     0 PTAMS 0x00000000fbc00000 NTAMS 0x00000000fbc00000 space 1024K,   0% used [0x00000000fbc00000, 0x00000000fbd00000)
AC   0  F    TS     0 PTAMS 0x00000000fbd00000 NTAMS 0x00000000fbd00000 space 1024K,   0% used [0x00000000fbd00000, 0x00000000fbe00000)
AC   0  F    TS     0 PTAMS 0x00000000fbe00000 NTAMS 0x00000000fbe00000 space 1024K,   0% used [0x00000000fbe00000, 0x00000000fbf00000)
AC   0  F    TS     0 PTAMS 0x00000000fbf00000 NTAMS 0x00000000fbf00000 space 1024K,   0% used [0x00000000fbf00000, 0x00000000fc000000)
AC   0  F    TS     0 PTAMS 0x00000000fc000000 NTAMS 0x00000000fc000000 space 1024K,   0% used [0x00000000fc000000, 0x00000000fc100000)
AC   0  F    TS     0 PTAMS 0x00000000fc100000 NTAMS 0x00000000fc100000 space 1024K,   0% used [0x00000000fc100000, 0x00000000fc200000)
AC   0  F    TS     0 PTAMS 0x00000000fc200000 NTAMS 0x00000000fc200000 space 1024K,   0% used [0x00000000fc200000, 0x00000000fc300000)
AC   0  F    TS     0 PTAMS 0x00000000fc300000 NTAMS 0x00000000fc300000 space 1024K,   0% used [0x00000000fc300000, 0x00000000fc400000)
AC   0  F    TS     0 PTAMS 0x00000000fc400000 NTAMS 0x00000000fc400000 space 1024K,   0% used [0x00000000fc400000, 0x00000000fc500000)
AC   0  F    TS     0 PTAMS 0x00000000fc500000 NTAMS 0x00000000fc500000 space 1024K,   0% used [0x00000000fc500000, 0x00000000fc600000)
AC   0  F    TS     0 PTAMS 0x00000000fc600000 NTAMS 0x00000000fc600000 space 1024K,   0% used [0x00000000fc600000, 0x00000000fc700000)
AC   0  F    TS     0 PTAMS 0x00000000fc700000 NTAMS 0x00000000fc700000 space 1024K,   0% used [0x00000000fc700000, 0x00000000fc800000)
AC   0  F    TS     0 PTAMS 0x00000000fc800000 NTAMS 0x00000000fc800000 space 1024K,   0% used [0x00000000fc800000, 0x00000000fc900000)
AC   0  F    TS     0 PTAMS 0x00000000fc900000 NTAMS 0x00000000fc900000 space 1024K,   0% used [0x00000000fc900000, 0x00000000fca00000)
AC   0  F    TS     0 PTAMS 0x00000000fca00000 NTAMS 0x00000000fca00000 space 1024K,   0% used [0x00000000fca00000, 0x00000000fcb00000)
AC   0  F    TS     0 PTAMS 0x00000000fcb00000 NTAMS 0x00000000fcb00000 space 1024K,   0% used [0x00000000fcb00000, 0x00000000fcc00000)
AC   0  F    TS     0 PTAMS 0x00000000fcc00000 NTAMS 0x00000000fcc00000 space 1024K,   0% used [0x00000000fcc00000, 0x00000000fcd00000)
AC   0  F    TS     0 PTAMS 0x00000000fcd00000 NTAMS 0x00000000fcd00000 space 1024K,   0% used [0x00000000fcd00000, 0x00000000fce00000)
AC   0  F    TS     0 PTAMS 0x00000000fce00000 NTAMS 0x00000000fce00000 space 1024K,   0% used [0x00000000fce00000, 0x00000000fcf00000)
AC   0  F    TS     0 PTAMS 0x00000000fcf00000 NTAMS 0x00000000fcf00000 space 1024K,   0% used [0x00000000fcf00000, 0x00000000fd000000)
AC   0  F    TS     0 PTAMS 0x00000000fd000000 NTAMS 0x00000000fd000000 space 1024K,   0% used [0x00000000fd000000, 0x00000000fd100000)
AC   0  F    TS     0 PTAMS 0x00000000fd100000 NTAMS 0x00000000fd100000 space 1024K,   0% used [0x00000000fd100000, 0x00000000fd200000)
AC   0  F    TS     0 PTAMS 0x00000000fd200000 NTAMS 0x00000000fd200000 space 1024K,   0% used [0x00000000fd200000, 0x00000000fd300000)
AC   0  F    TS     0 PTAMS 0x00000000fd300000 NTAMS 0x00000000fd300000 space 1024K,   0% used [0x00000000fd300000, 0x00000000fd400000)
AC   0  F    TS     0 PTAMS 0x00000000fd400000 NTAMS 0x00000000fd400000 space 1024K,   0% used [0x00000000fd400000, 0x00000000fd500000)
AC   0  F    TS     0 PTAMS 0x00000000fd500000 NTAMS 0x00000000fd500000 space 1024K,   0% used [0x00000000fd500000, 0x00000000fd600000)
AC   0  F    TS     0 PTAMS 0x00000000fd600000 NTAMS 0x00000000fd600000 space 1024K,   0% used [0x00000000fd600000, 0x00000000fd700000)
AC   0  F    TS     0 PTAMS 0x00000000fd700000 NTAMS 0x00000000fd700000 space 1024K,   0% used [0x00000000fd700000, 0x00000000fd800000)
AC   0  F    TS     0 PTAMS 0x00000000fd800000 NTAMS 0x00000000fd800000 space 1024K,   0% used [0x00000000fd800000, 0x00000000fd900000)
AC   0  F    TS     0 PTAMS 0x00000000fd900000 NTAMS 0x00000000fd900000 space 1024K,   0% used [0x00000000fd900000, 0x00000000fda00000)
AC   0  F    TS     0 PTAMS 0x00000000fda00000 NTAMS 0x00000000fda00000 space 1024K,   0% used [0x00000000fda00000, 0x00000000fdb00000)
AC   0  F    TS     0 PTAMS 0x00000000fdb00000 NTAMS 0x00000000fdb00000 space 1024K,   0% used [0x00000000fdb00000, 0x00000000fdc00000)
AC   0  F    TS     0 PTAMS 0x00000000fdc00000 NTAMS 0x00000000fdc00000 space 1024K,   0% used [0x00000000fdc00000, 0x00000000fdd00000)
AC   0  F    TS     0 PTAMS 0x00000000fdd00000 NTAMS 0x00000000fdd00000 space 1024K,   0% used [0x00000000fdd00000, 0x00000000fde00000)
AC   0  F    TS     0 PTAMS 0x00000000fde00000 NTAMS 0x00000000fde00000 space 1024K,   0% used [0x00000000fde00000, 0x00000000fdf00000)
AC   0  F    TS     0 PTAMS 0x00000000fdf00000 NTAMS 0x00000000fdf00000 space 1024K,   0% used [0x00000000fdf00000, 0x00000000fe000000)
AC   0  F    TS     0 PTAMS 0x00000000fe000000 NTAMS 0x00000000fe000000 space 1024K,   0% used [0x00000000fe000000, 0x00000000fe100000)
AC   0  F    TS     0 PTAMS 0x00000000fe100000 NTAMS 0x00000000fe100000 space 1024K,   0% used [0x00000000fe100000, 0x00000000fe200000)
AC   0  F    TS     0 PTAMS 0x00000000fe200000 NTAMS 0x00000000fe200000 space 1024K,   0% used [0x00000000fe200000, 0x00000000fe300000)
AC   0  F    TS     0 PTAMS 0x00000000fe300000 NTAMS 0x00000000fe300000 space 1024K,   0% used [0x00000000fe300000, 0x00000000fe400000)
AC   0  F    TS     0 PTAMS 0x00000000fe400000 NTAMS 0x00000000fe400000 space 1024K,   0% used [0x00000000fe400000, 0x00000000fe500000)
AC   0  F    TS     0 PTAMS 0x00000000fe500000 NTAMS 0x00000000fe500000 space 1024K,   0% used [0x00000000fe500000, 0x00000000fe600000)
AC   0  F    TS     0 PTAMS 0x00000000fe600000 NTAMS 0x00000000fe600000 space 1024K,   0% used [0x00000000fe600000, 0x00000000fe700000)
AC   0  F    TS     0 PTAMS 0x00000000fe700000 NTAMS 0x00000000fe700000 space 1024K,   0% used [0x00000000fe700000, 0x00000000fe800000)
AC   0  F    TS     0 PTAMS 0x00000000fe800000 NTAMS 0x00000000fe800000 space 1024K,   0% used [0x00000000fe800000, 0x00000000fe900000)
AC   0  F    TS     0 PTAMS 0x00000000fe900000 NTAMS 0x00000000fe900000 space 1024K,   0% used [0x00000000fe900000, 0x00000000fea00000)
AC   0  F    TS     0 PTAMS 0x00000000fea00000 NTAMS 0x00000000fea00000 space 1024K,   0% used [0x00000000fea00000, 0x00000000feb00000)
AC   0  F    TS     0 PTAMS 0x00000000feb00000 NTAMS 0x00000000feb00000 space 1024K,   0% used [0x00000000feb00000, 0x00000000fec00000)
AC   0  F    TS     0 PTAMS 0x00000000fec00000 NTAMS 0x00000000fec00000 space 1024K,   0% used [0x00000000fec00000, 0x00000000fed00000)
AC   0  F    TS     0 PTAMS 0x00000000fed00000 NTAMS 0x00000000fed00000 space 1024K,   0% used [0x00000000fed00000, 0x00000000fee00000)
AC   0  F    TS     0 PTAMS 0x00000000fee00000 NTAMS 0x00000000fee00000 space 1024K,   0% used [0x00000000fee00000, 0x00000000fef00000)
AC   0  F    TS     0 PTAMS 0x00000000fef00000 NTAMS 0x00000000fef00000 space 1024K,   0% used [0x00000000fef00000, 0x00000000ff000000)
AC   0  F    TS     0 PTAMS 0x00000000ff000000 NTAMS 0x00000000ff000000 space 1024K,   0% used [0x00000000ff000000, 0x00000000ff100000)
AC   0  F    TS     0 PTAMS 0x00000000ff100000 NTAMS 0x00000000ff100000 space 1024K,   0% used [0x00000000ff100000, 0x00000000ff200000)
AC   0  F    TS     0 PTAMS 0x00000000ff200000 NTAMS 0x00000000ff200000 space 1024K,   0% used [0x00000000ff200000, 0x00000000ff300000)
AC   0  F    TS     0 PTAMS 0x00000000ff300000 NTAMS 0x00000000ff300000 space 1024K,   0% used [0x00000000ff300000, 0x00000000ff400000)
AC   0  F    TS     0 PTAMS 0x00000000ff400000 NTAMS 0x00000000ff400000 space 1024K,   0% used [0x00000000ff400000, 0x00000000ff500000)
AC   0  F    TS     0 PTAMS 0x00000000ff500000 NTAMS 0x00000000ff500000 space 1024K,   0% used [0x00000000ff500000, 0x00000000ff600000)
AC   0  F    TS     0 PTAMS 0x00000000ff600000 NTAMS 0x00000000ff600000 space 1024K,   0% used [0x00000000ff600000, 0x00000000ff700000)
AC   0  F    TS     0 PTAMS 0x00000000ff700000 NTAMS 0x00000000ff700000 space 1024K,   0% used [0x00000000ff700000, 0x00000000ff800000)
AC   0  F    TS     0 PTAMS 0x00000000ff800000 NTAMS 0x00000000ff800000 space 1024K,   0% used [0x00000000ff800000, 0x00000000ff900000)
AC   0  F    TS     0 PTAMS 0x00000000ff900000 NTAMS 0x00000000ff900000 space 1024K,   0% used [0x00000000ff900000, 0x00000000ffa00000)
AC   0  F    TS     0 PTAMS 0x00000000ffa00000 NTAMS 0x00000000ffa00000 space 1024K,   0% used [0x00000000ffa00000, 0x00000000ffb00000)
AC   0  F    TS     0 PTAMS 0x00000000ffb00000 NTAMS 0x00000000ffb00000 space 1024K,   0% used [0x00000000ffb00000, 0x00000000ffc00000)
AC   0  F    TS     0 PTAMS 0x00000000ffc00000 NTAMS 0x00000000ffc00000 space 1024K,   0% used [0x00000000ffc00000, 0x00000000ffd00000)
AC   0  F    TS     0 PTAMS 0x00000000ffd00000 NTAMS 0x00000000ffd00000 space 1024K,   0% used [0x00000000ffd00000, 0x00000000ffe00000)
AC   0  E    TS     0 PTAMS 0x00000000ffe00000 NTAMS 0x00000000ffe00000 space 1024K,  86% used [0x00000000ffe00000, 0x00000000fff00000)
AC   0  E CS TS     0 PTAMS 0x00000000fff00000 NTAMS 0x00000000fff00000 space 1024K, 100% used [0x00000000fff00000, 0x0000000100000000)

Card table byte_map: [0x00000234f0e10000,0x00000234f1210000] byte_map_base: 0x00000234f0a10000

Marking Bits (Prev, Next): (CMBitMap*) 0x00000234decf6d70, (CMBitMap*) 0x00000234decf6d18
 Prev Bits: [0x00000234f3610000, 0x00000234f5610000)
 Next Bits: [0x00000234f1610000, 0x00000234f3610000)

Polling page: 0x00000234defb0000

CodeCache: size=245760Kb used=5519Kb max_used=5538Kb free=240240Kb
 bounds [0x00000234e07b0000, 0x00000234e0d20000, 0x00000234ef7b0000]
 total_blobs=1938 nmethods=1511 adapters=339
 compilation: enabled

Compilation events (10 events):
Event: 8.436 Thread 0x00000234f99df800 nmethod 1512 0x00000234e0d0f750 code [0x00000234e0d0f8a0, 0x00000234e0d0f998]
Event: 8.436 Thread 0x00000234f99df800 1501       3       java.lang.ref.ReferenceQueue::remove (6 bytes)
Event: 8.436 Thread 0x00000234f99df800 nmethod 1501 0x00000234e0d0fa10 code [0x00000234e0d0fb80, 0x00000234e0d0fd90]
Event: 8.436 Thread 0x00000234f99df800 1502   !   3       java.lang.ref.ReferenceQueue::remove (125 bytes)
Event: 8.437 Thread 0x00000234f99df800 nmethod 1502 0x00000234e0d0fe10 code [0x00000234e0d0ffe0, 0x00000234e0d108a0]
Event: 8.437 Thread 0x00000234f99df800 1509       3       java.lang.ref.Reference::clear (6 bytes)
Event: 8.439 Thread 0x00000234f99df800 nmethod 1509 0x00000234e0d10c90 code [0x00000234e0d10de0, 0x00000234e0d10f58]
Event: 8.439 Thread 0x00000234f99df800 1508       3       java.lang.System$2::invokeFinalize (5 bytes)
Event: 8.439 Thread 0x00000234f99df800 nmethod 1508 0x00000234e0d10fd0 code [0x00000234e0d11140, 0x00000234e0d11370]
Event: 8.439 Thread 0x00000234f99df800 1505   !   3       java.lang.ref.Finalizer::runFinalizer (62 bytes)

GC Heap History (2 events):
Event: 8.326 GC heap before
{Heap before GC invocations=0 (full 0):
 garbage-first heap   total 2097152K, used 81920K [0x0000000080000000, 0x0000000080104000, 0x0000000100000000)
  region size 1024K, 81 young (82944K), 0 survivors (0K)
 Metaspace       used 20721K, capacity 20982K, committed 21296K, reserved 1069056K
  class space    used 2463K, capacity 2597K, committed 2688K, reserved 1048576K
Event: 8.337 GC heap after
Heap after GC invocations=1 (full 0):
 garbage-first heap   total 2097152K, used 12970K [0x0000000080000000, 0x0000000080104000, 0x0000000100000000)
  region size 1024K, 13 young (13312K), 13 survivors (13312K)
 Metaspace       used 20721K, capacity 20982K, committed 21296K, reserved 1069056K
  class space    used 2463K, capacity 2597K, committed 2688K, reserved 1048576K
}

Deoptimization events (9 events):
Event: 7.210 Thread 0x00000234dec7f800 Uncommon trap: reason=unstable_if action=reinterpret pc=0x00000234e09357d4 method=java.lang.String.indexOf([CII[CIII)I @ 3
Event: 7.245 Thread 0x00000234dec7f800 Uncommon trap: reason=loop_limit_check action=maybe_recompile pc=0x00000234e0989a9c method=java.lang.String.equals(Ljava/lang/Object;)Z @ 56
Event: 7.437 Thread 0x00000234dec7f800 Uncommon trap: reason=unstable_if action=reinterpret pc=0x00000234e0969a44 method=sun.misc.MetaIndex.mayContain(Ljava/lang/String;)Z @ 38
Event: 7.718 Thread 0x00000234dec7f800 Uncommon trap: reason=unstable_if action=reinterpret pc=0x00000234e0ac1d68 method=java.io.WinNTFileSystem.normalize(Ljava/lang/String;)Ljava/lang/String; @ 128
Event: 7.971 Thread 0x00000234dec7f800 Uncommon trap: reason=loop_limit_check action=maybe_recompile pc=0x00000234e092f0f0 method=java.lang.String.lastIndexOf(II)I @ 26
Event: 8.026 Thread 0x00000234dec7f800 Uncommon trap: reason=unstable_if action=reinterpret pc=0x00000234e0b7d974 method=java.io.ByteArrayInputStream.read([BII)I @ 63
Event: 8.044 Thread 0x00000234dec7f800 Uncommon trap: reason=predicate action=maybe_recompile pc=0x00000234e0bfeea8 method=java.lang.String.regionMatches(ZILjava/lang/String;II)Z @ 63
Event: 8.081 Thread 0x00000234dec7f800 Uncommon trap: reason=loop_limit_check action=maybe_recompile pc=0x00000234e09ee8e0 method=java.lang.String.indexOf([CII[CIII)I @ 79
Event: 8.428 Thread 0x00000234f97f2800 Uncommon trap: reason=unstable_if action=reinterpret pc=0x00000234e0cffcdc method=java.lang.ref.ReferenceQueue.poll()Ljava/lang/ref/Reference; @ 4

Classes redefined (0 events):
No events

Internal exceptions (10 events):
Event: 7.842 Thread 0x00000234dec7f800 Exception <a 'java/lang/ClassNotFoundException': org/apache/cassandra/config/TransparentDataEncryptionOptionsCustomizer> (0x00000000fd5fe3d8) thrown at [C:\workspace\openjdk-build\workspace\build\src\hotspot\src\share\vm\classfile\systemDictionary.cpp, li
Event: 7.843 Thread 0x00000234dec7f800 Exception <a 'java/lang/ClassNotFoundException': org/apache/cassandra/config/ReplicaFilteringProtectionOptionsBeanInfo> (0x00000000fd415c88) thrown at [C:\workspace\openjdk-build\workspace\build\src\hotspot\src\share\vm\classfile\systemDictionary.cpp, lin
Event: 7.843 Thread 0x00000234dec7f800 Exception <a 'java/lang/ClassNotFoundException': org/apache/cassandra/config/ReplicaFilteringProtectionOptionsCustomizer> (0x00000000fd4272a0) thrown at [C:\workspace\openjdk-build\workspace\build\src\hotspot\src\share\vm\classfile\systemDictionary.cpp, l
Event: 7.848 Thread 0x00000234dec7f800 Exception <a 'sun/nio/fs/WindowsException'> (0x00000000fd4b43d8) thrown at [C:\workspace\openjdk-build\workspace\build\src\hotspot\src\share\vm\prims\jni.cpp, line 712]
Event: 7.848 Thread 0x00000234dec7f800 Exception <a 'sun/nio/fs/WindowsException'> (0x00000000fd4b4f88) thrown at [C:\workspace\openjdk-build\workspace\build\src\hotspot\src\share\vm\prims\jni.cpp, line 712]
Event: 7.849 Thread 0x00000234dec7f800 Exception <a 'sun/nio/fs/WindowsException'> (0x00000000fd4c7130) thrown at [C:\workspace\openjdk-build\workspace\build\src\hotspot\src\share\vm\prims\jni.cpp, line 712]
Event: 7.849 Thread 0x00000234dec7f800 Exception <a 'sun/nio/fs/WindowsException'> (0x00000000fd4c7640) thrown at [C:\workspace\openjdk-build\workspace\build\src\hotspot\src\share\vm\prims\jni.cpp, line 712]
Event: 7.850 Thread 0x00000234dec7f800 Exception <a 'sun/nio/fs/WindowsException'> (0x00000000fd4c8350) thrown at [C:\workspace\openjdk-build\workspace\build\src\hotspot\src\share\vm\prims\jni.cpp, line 712]
Event: 7.850 Thread 0x00000234dec7f800 Exception <a 'sun/nio/fs/WindowsException'> (0x00000000fd4c8860) thrown at [C:\workspace\openjdk-build\workspace\build\src\hotspot\src\share\vm\prims\jni.cpp, line 712]
Event: 8.159 Thread 0x00000234dec7f800 Exception <a 'java/lang/ClassNotFoundException': javax/management/remote/rmi/RMIServerImpl_Skel> (0x00000000fbadd010) thrown at [C:\workspace\openjdk-build\workspace\build\src\hotspot\src\share\vm\classfile\systemDictionary.cpp, line 217]

Events (10 events):
Event: 8.437 loading class org/apache/cassandra/db/ReadRepairVerbHandler
Event: 8.437 loading class org/apache/cassandra/db/ReadRepairVerbHandler done
Event: 8.437 Executing VM operation: RevokeBias
Event: 8.437 Executing VM operation: RevokeBias done
Event: 8.437 Executing VM operation: RevokeBias
Event: 8.439 Executing VM operation: RevokeBias done
Event: 8.439 Executing VM operation: RevokeBias
Event: 8.439 Executing VM operation: RevokeBias done
Event: 8.439 loading class org/apache/cassandra/db/ReadCommandVerbHandler
Event: 8.439 loading class org/apache/cassandra/db/ReadCommandVerbHandler done


Dynamic libraries:
0x00007ff76e130000 - 0x00007ff76e17d000 	C:\Program Files\Eclipse Adoptium\jdk-8.0.472.8-hotspot\bin\java.exe
0x00007ffaa90e0000 - 0x00007ffaa9348000 	C:\WINDOWS\SYSTEM32\ntdll.dll
0x00007ffaa7220000 - 0x00007ffaa72e9000 	C:\WINDOWS\System32\KERNEL32.DLL
0x00007ffaa6a50000 - 0x00007ffaa6e48000 	C:\WINDOWS\System32\KERNELBASE.dll
0x00007ffaa8da0000 - 0x00007ffaa8e54000 	C:\WINDOWS\System32\ADVAPI32.dll
0x00007ffaa7080000 - 0x00007ffaa7129000 	C:\WINDOWS\System32\msvcrt.dll
0x00007ffaa8cf0000 - 0x00007ffaa8d96000 	C:\WINDOWS\System32\sechost.dll
0x00007ffaa7e10000 - 0x00007ffaa7f28000 	C:\WINDOWS\System32\RPCRT4.dll
0x00007ffaa8e60000 - 0x00007ffaa9027000 	C:\WINDOWS\System32\USER32.dll
0x00007ffaa6e50000 - 0x00007ffaa6e77000 	C:\WINDOWS\System32\win32u.dll
0x00007ffaa71f0000 - 0x00007ffaa721b000 	C:\WINDOWS\System32\GDI32.dll
0x00007ffaa6450000 - 0x00007ffaa657c000 	C:\WINDOWS\System32\gdi32full.dll
0x00007ffaa6230000 - 0x00007ffaa62d3000 	C:\WINDOWS\System32\msvcp_win.dll
0x00007ffaa6580000 - 0x00007ffaa66cb000 	C:\WINDOWS\System32\ucrtbase.dll
0x00007ffa81e80000 - 0x00007ffa82114000 	C:\WINDOWS\WinSxS\amd64_microsoft.windows.common-controls_6595b64144ccf1df_6.0.26100.7019_none_3e06ffa0e335b8a8\COMCTL32.dll
0x00007ffaa8540000 - 0x00007ffaa8571000 	C:\WINDOWS\System32\IMM32.DLL
0x00007ffa9b580000 - 0x00007ffa9b59e000 	C:\Program Files\Eclipse Adoptium\jdk-8.0.472.8-hotspot\jre\bin\vcruntime140.dll
0x00007ffa9bf30000 - 0x00007ffa9bf3c000 	C:\Program Files\Eclipse Adoptium\jdk-8.0.472.8-hotspot\jre\bin\vcruntime140_1.dll
0x00007ffa8b1d0000 - 0x00007ffa8b25d000 	C:\Program Files\Eclipse Adoptium\jdk-8.0.472.8-hotspot\jre\bin\msvcp140.dll
0x0000000065bf0000 - 0x0000000066489000 	C:\Program Files\Eclipse Adoptium\jdk-8.0.472.8-hotspot\jre\bin\server\jvm.dll
0x00007ffaa6e80000 - 0x00007ffaa6e88000 	C:\WINDOWS\System32\PSAPI.DLL
0x00007ffa9b630000 - 0x00007ffa9b63b000 	C:\WINDOWS\SYSTEM32\VERSION.dll
0x00007ffa97800000 - 0x00007ffa97835000 	C:\WINDOWS\SYSTEM32\WINMM.dll
0x00007ffa9e2f0000 - 0x00007ffa9e2fa000 	C:\WINDOWS\SYSTEM32\WSOCK32.dll
0x00007ffaa7000000 - 0x00007ffaa7074000 	C:\WINDOWS\System32\ws2_32.DLL
0x00007ffaa4ff0000 - 0x00007ffaa500b000 	C:\WINDOWS\SYSTEM32\kernel.appcore.dll
0x00007ffa9bbc0000 - 0x00007ffa9bbd0000 	C:\Program Files\Eclipse Adoptium\jdk-8.0.472.8-hotspot\jre\bin\verify.dll
0x00007ffa9ade0000 - 0x00007ffa9ae0b000 	C:\Program Files\Eclipse Adoptium\jdk-8.0.472.8-hotspot\jre\bin\java.dll
0x00007ffa73c60000 - 0x00007ffa73c97000 	C:\Program Files\Eclipse Adoptium\jdk-8.0.472.8-hotspot\jre\bin\instrument.dll
0x00007ffa9b560000 - 0x00007ffa9b578000 	C:\Program Files\Eclipse Adoptium\jdk-8.0.472.8-hotspot\jre\bin\zip.dll
0x00007ffaa8590000 - 0x00007ffaa8cdf000 	C:\WINDOWS\System32\SHELL32.dll
0x00007ffaa62e0000 - 0x00007ffaa644b000 	C:\WINDOWS\System32\wintypes.dll
0x00007ffaa8120000 - 0x00007ffaa84ab000 	C:\WINDOWS\System32\combase.dll
0x00007ffaa3e50000 - 0x00007ffaa46ad000 	C:\WINDOWS\SYSTEM32\windows.storage.dll
0x00007ffaa73a0000 - 0x00007ffaa7492000 	C:\WINDOWS\System32\SHCORE.dll
0x00007ffaa9030000 - 0x00007ffaa9097000 	C:\WINDOWS\System32\shlwapi.dll
0x00007ffaa6150000 - 0x00007ffaa6179000 	C:\WINDOWS\SYSTEM32\profapi.dll
0x00007ffa9b2b0000 - 0x00007ffa9b2cc000 	C:\Program Files\Eclipse Adoptium\jdk-8.0.472.8-hotspot\jre\bin\net.dll
0x00007ffaa55d0000 - 0x00007ffaa563b000 	C:\WINDOWS\system32\mswsock.dll
0x00007ffa7a1b0000 - 0x00007ffa7a1c8000 	C:\WINDOWS\system32\napinsp.dll
0x00007ffaa4b70000 - 0x00007ffaa4c9c000 	C:\WINDOWS\SYSTEM32\DNSAPI.dll
0x00007ffaa4b30000 - 0x00007ffaa4b64000 	C:\WINDOWS\SYSTEM32\IPHLPAPI.DLL
0x00007ffaa8580000 - 0x00007ffaa858a000 	C:\WINDOWS\System32\NSI.dll
0x00007ffa7a190000 - 0x00007ffa7a1a2000 	C:\WINDOWS\System32\winrnr.dll
0x00007ffa7a160000 - 0x00007ffa7a182000 	C:\WINDOWS\system32\nlansp_c.dll
0x00007ffa9b600000 - 0x00007ffa9b616000 	C:\WINDOWS\system32\wshbth.dll
0x00007ffa9b780000 - 0x00007ffa9b78b000 	C:\Windows\System32\rasadhlp.dll
0x00007ffa9d220000 - 0x00007ffa9d2a6000 	C:\WINDOWS\System32\fwpuclnt.dll
0x00007ffa9add0000 - 0x00007ffa9addd000 	C:\Program Files\Eclipse Adoptium\jdk-8.0.472.8-hotspot\jre\bin\management.dll
0x00007ffa9ad40000 - 0x00007ffa9ad53000 	C:\Program Files\Eclipse Adoptium\jdk-8.0.472.8-hotspot\jre\bin\nio.dll
0x00007ffa7fc10000 - 0x00007ffa7fc35000 	C:\Program Files\Eclipse Adoptium\jdk-8.0.472.8-hotspot\jre\bin\sunec.dll
0x00007ffaa5940000 - 0x00007ffaa595b000 	C:\WINDOWS\SYSTEM32\CRYPTSP.dll
0x00007ffaa4f50000 - 0x00007ffaa4f8a000 	C:\WINDOWS\system32\rsaenh.dll
0x00007ffaa56a0000 - 0x00007ffaa56cb000 	C:\WINDOWS\SYSTEM32\USERENV.dll
0x00007ffaa6120000 - 0x00007ffaa614a000 	C:\WINDOWS\SYSTEM32\bcrypt.dll
0x00007ffaa66d0000 - 0x00007ffaa6775000 	C:\WINDOWS\System32\bcryptprimitives.dll
0x00007ffaa5960000 - 0x00007ffaa596c000 	C:\WINDOWS\SYSTEM32\CRYPTBASE.dll
0x00007ffa9ce50000 - 0x00007ffa9ce6e000 	C:\WINDOWS\SYSTEM32\dhcpcsvc6.DLL
0x00007ffa9cde0000 - 0x00007ffa9ce03000 	C:\WINDOWS\SYSTEM32\dhcpcsvc.DLL
0x0000000066f40000 - 0x0000000066f6d000 	C:\Users\DNYANESHWAR B\AppData\Local\Temp\liblz4-java8051730574173731477.so
0x00007ffa73c30000 - 0x00007ffa73c55000 	C:\Users\DNYANESHWAR B\AppData\Local\Temp\jna-1342949708\jna6449192967281441269.dll
0x0000000065b10000 - 0x0000000065be2000 	C:\WINDOWS\SYSTEM32\MSVCR100.dll
0x0000000010000000 - 0x0000000010070000 	C:\apache-cassandra-3.11.9\lib\sigar-bin\sigar-amd64-winnt.dll
0x00007ffaa74a0000 - 0x00007ffaa7637000 	C:\WINDOWS\System32\ole32.dll
0x00007ffaa7c00000 - 0x00007ffaa7cd7000 	C:\WINDOWS\System32\OLEAUT32.dll
0x00007ffa7e440000 - 0x00007ffa7e496000 	C:\WINDOWS\SYSTEM32\pdh.dll
0x00007ffa780e0000 - 0x00007ffa780fa000 	C:\WINDOWS\SYSTEM32\NETAPI32.dll
0x00007ffaa4830000 - 0x00007ffaa483d000 	C:\WINDOWS\SYSTEM32\NETUTILS.DLL
0x00007ffa8af10000 - 0x00007ffa8af39000 	C:\WINDOWS\SYSTEM32\SRVCLI.DLL
0x00007ffaa3780000 - 0x00007ffaa39c2000 	C:\WINDOWS\SYSTEM32\dbghelp.dll

VM Arguments:
jvm_args: -ea -javaagent:C:\apache-cassandra-3.11.9\lib\jamm-0.3.0.jar -Xms2G -Xmx2G -XX:+HeapDumpOnOutOfMemoryError -XX:+UseG1GC -Dlogback.configurationFile=logback.xml -Djava.library.path=C:\apache-cassandra-3.11.9\lib\sigar-bin -Dcassandra.jmx.local.port=7199 -Dcassandra -Dcassandra-foreground=yes -Dcassandra.logdir=C:\apache-cassandra-3.11.9\logs -Dcassandra.storagedir=C:\apache-cassandra-3.11.9\data 
java_command: org.apache.cassandra.service.CassandraDaemon
java_class_path (initial): C:\apache-cassandra-3.11.9\conf;C:\apache-cassandra-3.11.9\lib\airline-0.6.jar;C:\apache-cassandra-3.11.9\lib\antlr-runtime-3.5.2.jar;C:\apache-cassandra-3.11.9\lib\apache-cassandra-3.11.9.jar;C:\apache-cassandra-3.11.9\lib\apache-cassandra-thrift-3.11.9.jar;C:\apache-cassandra-3.11.9\lib\asm-5.0.4.jar;C:\apache-cassandra-3.11.9\lib\caffeine-2.2.6.jar;C:\apache-cassandra-3.11.9\lib\cassandra-driver-core-3.0.1-shaded.jar;C:\apache-cassandra-3.11.9\lib\commons-cli-1.1.jar;C:\apache-cassandra-3.11.9\lib\commons-codec-1.9.jar;C:\apache-cassandra-3.11.9\lib\commons-lang3-3.1.jar;C:\apache-cassandra-3.11.9\lib\commons-math3-3.2.jar;C:\apache-cassandra-3.11.9\lib\compress-lzf-0.8.4.jar;C:\apache-cassandra-3.11.9\lib\concurrent-trees-2.4.0.jar;C:\apache-cassandra-3.11.9\lib\concurrentlinkedhashmap-lru-1.4.jar;C:\apache-cassandra-3.11.9\lib\disruptor-3.0.1.jar;C:\apache-cassandra-3.11.9\lib\ecj-4.4.2.jar;C:\apache-cassandra-3.11.9\lib\guava-18.0.jar;C:\apache-cassandra-3.11.9\lib\HdrHistogram-2.1.9.jar;C:\apache-cassandra-3.11.9\lib\high-scale-lib-1.0.6.jar;C:\apache-cassandra-3.11.9\lib\hppc-0.5.4.jar;C:\apache-cassandra-3.11.9\lib\jackson-annotations-2.9.10.jar;C:\apache-cassandra-3.11.9\lib\jackson-core-2.9.10.jar;C:\apache-cassandra-3.11.9\lib\jackson-databind-2.9.10.4.jar;C:\apache-cassandra-3.11.9\lib\jamm-0.3.0.jar;C:\apache-cassandra-3.11.9\lib\javax.inject.jar;C:\apache-cassandra-3.11.9\lib\jbcrypt-0.3m.jar;C:\apache-cassandra-3.11.9\lib\jcl-over-slf4j-1.7.7.jar;C:\apache-cassandra-3.11.9\lib\jctools-core-1.2.1.jar;C:\apache-cassandra-3.11.9\lib\jflex-1.6.0.jar;C:\apache-cassandra-3.11.9\lib\jna-4.2.2.jar;C:\apache-cassandra-3.11.9\lib\joda-time-2.4.jar;C:\apache-cassandra-3.11.9\lib\json-simple-1.1.jar;C:\apache-cassandra-3.11.9\lib\jstackjunit-0.0.1.jar;C:\apache-cassandra-3.11.9\lib\libthrift-0.9.2.jar;C:\apache-cassandra-3.11.9\lib\log4j-over-slf4j-1.7.7.jar;C:\apache-cassandra-3.11.9\lib\logback-classic-1.1.3.jar;C:\apache-cassandra
Launcher Type: SUN_STANDARD

Environment Variables:
JAVA_HOME=C:\Program Files\Eclipse Adoptium\jdk-8.0.472.8-hotspot
USERNAME=DNYANESHWAR B
OS=Windows_NT
PROCESSOR_IDENTIFIER=Intel64 Family 6 Model 154 Stepping 3, GenuineIntel



---------------  S Y S T E M  ---------------

OS: Windows 11 , 64 bit Build 26100 (10.0.26100.7019)

CPU:total 12 (initial active 12) (6 cores per cpu, 2 threads per core) family 6 model 154 stepping 3, cmov, cx8, fxsr, mmx, sse, sse2, sse3, ssse3, sse4.1, sse4.2, popcnt, avx, avx2, aes, clmul, erms, 3dnowpref, lzcnt, ht, tsc, tscinvbit, bmi1, bmi2, adx

Memory: 4k page, physical 8020484k(979172k free), swap 23646128k(6411776k free)

vm_info: OpenJDK 64-Bit Server VM (25.472-b08) for windows-amd64 JRE (1.8.0_472-b08), built on Oct 22 2025 04:36:40 by "ContainerUser" with unknown MS VC++:1937

time: Tue Dec  2 22:27:51 2025
timezone: India Standard Time
elapsed time: 8.501328 seconds (0d 0h 0m 8s)

